tau,slice,series,n,sq
12,sel,s24,712,41.714991014578686
12,sel,s48,712,42.88961773668275
12,sel,s72,712,43.38522845422566
12,sel,s96,712,46.46707469597084
12,sel,s120,712,50.06864606004847
12,sel,b24x48,712,42.04814707691974
12,sel,b24x72,712,41.92351214985089
12,sel,b24x96,712,43.271735094599144
12,sel,b24x120,712,44.0063346948186
12,sel,b48x72,712,42.872222853218595
12,sel,b48x96,712,44.19366286917493
12,sel,b48x120,712,45.130591550482116
12,sel,b72x96,712,44.53022404945321
12,sel,b72x120,712,45.63974334547835
12,sel,b96x120,712,47.53072604297546
12,sco,s24,401,29.89270623204374
12,sco,s48,401,32.541469113704146
12,sco,s72,401,31.36112657743181
12,sco,s96,401,32.98411248587432
12,sco,s120,401,34.860223634777434
12,sco,b24x48,401,30.949593627334025
12,sco,b24x72,401,30.26688758073862
12,sco,b24x96,401,30.890025583718664
12,sco,b24x120,401,31.58929208120811
12,sco,b48x72,401,31.73159206438966
12,sco,b48x96,401,32.31530833409985
12,sco,b48x120,401,33.17047359780116
12,sco,b72x96,401,31.842853067367024
12,sco,b72x120,401,32.677123180248124
12,sco,b96x120,401,33.252201759849456
15,sel,s24,709,42.77627325247197
15,sel,s48,709,44.0742685912161
15,sel,s72,709,43.563475608588604
15,sel,s96,709,47.27094863914281
15,sel,s120,709,50.524510140878455
15,sel,b24x48,709,43.16437640481635
15,sel,b24x72,709,42.52800019464451
15,sel,b24x96,709,44.144379908983595
15,sel,b24x120,709,44.661558828669506
15,sel,b48x72,709,43.55030697609736
15,sel,b48x96,709,45.158014015246906
15,sel,b48x120,709,45.890854604606744
15,sel,b72x96,709,45.00694025036595
15,sel,b72x120,709,45.958186992777094
15,sel,b96x120,709,48.168503482785006
15,sco,s24,401,29.758430827805583
15,sco,s48,401,33.22556270486632
15,sco,s72,401,31.239938698944542
15,sco,s96,401,32.719679582423936
15,sco,s120,401,34.80839355003551
15,sco,b24x48,401,31.240511988661815
15,sco,b24x72,401,30.183882844197818
15,sco,b24x96,401,30.683861879098195
15,sco,b24x120,401,31.478070739618097
15,sco,b48x72,401,31.974128962042986
15,sco,b48x96,401,32.510499741791996
15,sco,b48x120,401,33.41385652047615
15,sco,b72x96,401,31.648125325438535
15,sco,b72x120,401,32.47234860686338
15,sco,b96x120,401,33.08775847447316
18,sel,s24,706,44.32519490280795
18,sel,s48,706,44.417822872565125
18,sel,s72,706,43.37568157398813
18,sel,s96,706,48.09950941245058
18,sel,s120,706,50.895461070040994
18,sel,b24x48,706,44.046896789255946
18,sel,b24x72,706,43.130927549415524
18,sel,b24x96,706,45.126952538726044
18,sel,b24x120,706,45.368535581383796
18,sel,b48x72,706,43.60097836781341
18,sel,b48x96,706,45.6870316863226
18,sel,b48x120,706,46.12641287857787
18,sel,b72x96,706,45.28233461585651
18,sel,b72x120,706,45.972364555718684
18,sel,b96x120,706,48.761435781140506
18,sco,s24,401,30.18435983988677
18,sco,s48,401,34.57948044196369
18,sco,s72,401,32.377857490826905
18,sco,s96,401,33.20712023915067
18,sco,s120,401,36.06508091791831
18,sco,b24x48,401,32.1107385046598
18,sco,b24x72,401,30.970280934813143
18,sco,b24x96,401,31.167246666038167
18,sco,b24x120,401,32.309619437428125
18,sco,b48x72,401,33.198704275621445
18,sco,b48x96,401,33.496074773255046
18,sco,b48x120,401,34.675292790117325
18,sco,b72x96,401,32.49633645084854
18,sco,b72x120,401,33.62200498748479
18,sco,b96x120,401,34.04076055263239
21,sel,s24,703,45.55189882974104
21,sel,s48,703,44.28212183712342
21,sel,s72,703,42.78983827736987
21,sel,s96,703,48.000034819435974
21,sel,s120,703,50.8018415702044
21,sel,b24x48,703,44.61765169894156
21,sel,b24x72,703,43.35580593098656
21,sel,b24x96,703,45.506159707172955
21,sel,b24x120,703,45.72508489418538
21,sel,b48x72,703,43.20743897567965
21,sel,b48x96,703,45.45833984957972
21,sel,b48x120,703,45.87796527874146
21,sel,b72x96,703,44.98999664809639
21,sel,b72x120,703,45.72595717456213
21,sel,b96x120,703,48.651620775491935
21,sco,s24,401,31.643929412705695
21,sco,s48,401,36.85565561546031
21,sco,s72,401,34.162069074298
21,sco,s96,401,35.37644554057967
21,sco,s120,401,37.37925662513288
21,sco,b24x48,401,33.97834028941451
21,sco,b24x72,401,32.600096002250496
21,sco,b24x96,401,32.99378270295618
21,sco,b24x120,401,33.76092532246618
21,sco,b48x72,401,35.226986101240676
21,sco,b48x96,401,35.7144403528752
21,sco,b48x120,401,36.481153854597885
21,sco,b72x96,401,34.48181307154774
21,sco,b72x120,401,35.19349574819238
21,sco,b96x120,401,35.77856699406961
24,sel,s24,700,45.47187483727174
24,sel,s48,700,44.401580609386016
24,sel,s72,700,42.90671947528848
24,sel,s96,700,47.53615256341528
24,sel,s120,700,49.83522642045615
24,sel,b24x48,700,44.67779941504933
24,sel,b24x72,700,43.46618892962053
24,sel,b24x96,700,45.31056098029852
24,sel,b24x120,700,45.39649512489492
24,sel,b48x72,700,43.31716776415832
24,sel,b48x96,700,45.24665365152209
24,sel,b48x120,700,45.554758105464046
24,sel,b72x96,700,44.783441210684416
24,sel,b72x120,700,45.375707172619954
24,sel,b96x120,700,47.85196074239817
24,sco,s24,401,32.265358562843545
24,sco,s48,401,37.78698214538216
24,sco,s72,401,35.51596322778359
24,sco,s96,401,37.06776712999223
24,sco,s120,401,38.087376654235975
24,sco,b24x48,401,34.73740562800893
24,sco,b24x72,401,33.609308477201594
24,sco,b24x96,401,34.11807665393456
24,sco,b24x120,401,34.483848453752856
24,sco,b48x72,401,36.39561352712553
24,sco,b48x96,401,36.97634733539783
24,sco,b48x120,401,37.3686438546204
24,sco,b72x96,401,36.00133460280621
24,sco,b72x120,401,36.2869450876572
24,sco,b96x120,401,37.00686014490575
27,sel,s24,697,44.136418390765
27,sel,s48,697,44.44051720501941
27,sel,s72,697,42.20721581191653
27,sel,s96,697,47.97986553357419
27,sel,s120,697,48.34875390380439
27,sel,b24x48,697,44.01256826614636
27,sel,b24x72,697,42.48737188004545
27,sel,b24x96,697,44.92605265026009
27,sel,b24x120,697,44.171264691006996
27,sel,b48x72,697,42.96983911328793
27,sel,b48x96,697,45.46007233653992
27,sel,b48x120,697,44.93373397015782
27,sel,b72x96,697,44.637883565224705
27,sel,b72x120,697,44.245079565550085
27,sel,b96x120,697,47.298758546578924
27,sco,s24,401,31.400518243358395
27,sco,s48,401,37.27128745132221
27,sco,s72,401,35.85214525899616
27,sco,s96,401,36.03702701147007
27,sco,s120,401,38.28958882780183
27,sco,b24x48,401,33.99586844673666
27,sco,b24x72,401,33.35226086330075
27,sco,b24x96,401,33.14798330658279
27,sco,b24x120,401,34.11915566125724
27,sco,b48x72,401,36.31059447408147
27,sco,b48x96,401,36.1602115079217
27,sco,b48x120,401,37.25692483491331
27,sco,b72x96,401,35.68456917051527
27,sco,b72x120,401,36.59146355322734
27,sco,b96x120,401,36.66194924477653
30,sel,s24,694,45.902858831916745
30,sel,s48,694,45.537114842838044
30,sel,s72,694,43.35663807553021
30,sel,s96,694,49.12625193938414
30,sel,s120,694,50.46031466016265
30,sel,b24x48,694,45.42858622849518
30,sel,b24x72,694,43.9221967055347
30,sel,b24x96,694,46.407708769091
30,sel,b24x120,694,46.04591469499931
30,sel,b48x72,694,44.13710787082285
30,sel,b48x96,694,46.665255682138145
30,sel,b48x120,694,46.56887002416018
30,sel,b72x96,694,45.79219639741974
30,sel,b72x120,694,45.83582425782745
30,sel,b96x120,694,48.94375610490487
30,sco,s24,401,30.774401674960416
30,sco,s48,401,37.037530583494735
30,sco,s72,401,35.314461901503996
30,sco,s96,401,34.854342284619236
30,sco,s120,401,38.593818347459084
30,sco,b24x48,401,33.52218781015125
30,sco,b24x72,401,32.77371731730168
30,sco,b24x96,401,32.251702922194426
30,sco,b24x120,401,33.908437215318465
30,sco,b48x72,401,35.899063070350564
30,sco,b48x96,401,35.410379244919866
30,sco,b48x120,401,37.31968999285908
30,sco,b72x96,401,34.784678712363345
30,sco,b72x120,401,36.50247219420961
30,sco,b96x120,401,36.275414134418824
33,sel,s24,691,47.72474379015919
33,sel,s48,691,46.17774935540907
33,sel,s72,691,45.21190757982767
33,sel,s96,691,49.95576580772615
33,sel,s120,691,51.66977201229952
33,sel,b24x48,691,46.68570245171108
33,sel,b24x72,691,45.81030174781674
33,sel,b24x96,691,47.73074076095734
33,sel,b24x120,691,47.60825186098889
33,sel,b48x72,691,45.35992145903342
33,sel,b48x96,691,47.375889702058274
33,sel,b48x120,691,47.43373450382974
33,sel,b72x96,691,47.08604720982454
33,sel,b72x120,691,47.28047122898933
33,sel,b96x120,691,49.956160599785015
33,sco,s24,401,31.538410789769284
33,sco,s48,401,37.18384760062202
33,sco,s72,401,35.43659992327225
33,sco,s96,401,35.94685848092687
33,sco,s120,401,38.93441942156981
33,sco,b24x48,401,34.0040842462999
33,sco,b24x72,401,33.22362084615715
33,sco,b24x96,401,33.185557752289675
33,sco,b24x120,401,34.45551880416255
33,sco,b48x72,401,36.07587635479465
33,sco,b48x96,401,35.97292282751648
33,sco,b48x120,401,37.589403004348576
33,sco,b72x96,401,35.32101581100913
33,sco,b72x120,401,36.71867666141566
33,sco,b96x120,401,36.98418823545998
36,sel,s24,688,49.79970403938096
36,sel,s48,688,47.01558149508121
36,sel,s72,688,45.94376036100348
36,sel,s96,688,50.06502999102649
36,sel,s120,688,51.94846459246428
36,sel,b24x48,688,48.122926134012324
36,sel,b24x72,688,47.208441775209344
36,sel,b24x96,688,48.913518218455195
36,sel,b24x120,688,48.758596057549184
36,sel,b48x72,688,46.09833562738238
36,sel,b48x96,688,47.92267416650639
36,sel,b48x120,688,47.93963063811303
36,sel,b72x96,688,47.55544429923266
36,sel,b72x120,688,47.80236227265854
36,sel,b96x120,688,50.085026765714005
36,sco,s24,401,33.22465779658045
36,sco,s48,401,37.7285870602003
36,sco,s72,401,36.13715685544196
36,sco,s96,401,37.07828709458193
36,sco,s120,401,38.94519981152682
36,sco,b24x48,401,35.09240122600876
36,sco,b24x72,401,34.401423151798866
36,sco,b24x96,401,34.61133420333855
36,sco,b24x120,401,35.34304669980477
36,sco,b48x72,401,36.65789179618844
36,sco,b48x96,401,36.694013437591316
36,sco,b48x120,401,37.8297529637353
36,sco,b72x96,401,36.2446006743318
36,sco,b72x120,401,37.11632672664441
36,sco,b96x120,401,37.549408744163905
39,sel,s24,685,49.782118509725095
39,sel,s48,685,46.854560204900885
39,sel,s72,685,45.07097402835839
39,sel,s96,685,48.80157076864539
39,sel,s120,685,52.019351789579005
39,sel,b24x48,685,48.04747382566404
39,sel,b24x72,685,46.798927500975985
39,sel,b24x96,685,48.329589600129246
39,sel,b24x120,685,48.79571440915831
39,sel,b48x72,685,45.611722354105325
39,sel,b48x96,685,47.25545925130052
39,sel,b48x120,685,47.90074618565801
39,sel,b72x96,685,46.50543254128418
39,sel,b72x120,685,47.30980684985542
39,sel,b96x120,685,49.51431152274706
39,sco,s24,401,34.18372717421653
39,sco,s48,401,38.92479097959981
39,sco,s72,401,35.92544119724775
39,sco,s96,401,37.51371898259337
39,sco,s120,401,38.91485641319667
39,sco,b24x48,401,36.13567675555237
39,sco,b24x72,401,34.718209988976824
39,sco,b24x96,401,35.26314335874999
39,sco,b24x120,401,35.71157128287853
39,sco,b48x72,401,37.130118881607224
39,sco,b48x96,401,37.48681583213538
39,sco,b48x120,401,38.33114727275549
39,sco,b72x96,401,36.3338097822557
39,sco,b72x120,401,36.99089027264712
39,sco,b96x120,401,37.704451986670016
42,sel,s24,682,47.45964179375916
42,sel,s48,682,46.07623954108521
42,sel,s72,682,43.870785006933914
42,sel,s96,682,48.23312642262482
42,sel,s120,682,50.49011034437454
42,sel,b24x48,682,46.5093920478362
42,sel,b24x72,682,45.08673898526478
42,sel,b24x96,682,46.825232721972135
42,sel,b24x120,682,46.7856709876568
42,sel,b48x72,682,44.54669306442176
42,sel,b48x96,682,46.31527426329002
42,sel,b48x120,682,46.417062177799295
42,sel,b72x96,682,45.55323608198657
42,sel,b72x120,682,45.7825937525251
42,sel,b96x120,682,48.43355490015951
42,sco,s24,401,35.46138961110313
42,sco,s48,401,39.597571857141006
42,sco,s72,401,36.32757878220462
42,sco,s96,401,37.796105176851626
42,sco,s120,401,39.89540926332293
42,sco,b24x48,401,37.12389814480389
42,sco,b24x72,401,35.51536459923736
42,sco,b24x96,401,36.05461304144072
42,sco,b24x120,401,36.775853504019295
42,sco,b48x72,401,37.7098989069556
42,sco,b48x96,401,38.05401609869735
42,sco,b48x120,401,39.171882256337845
42,sco,b72x96,401,36.643536685571156
42,sco,b72x120,401,37.6904612308649
42,sco,b96x120,401,38.277670790507784
45,sel,s24,679,47.447181721908976
45,sel,s48,679,45.797201775018365
45,sel,s72,679,44.97783061529298
45,sel,s96,679,49.81891772094826
45,sel,s120,679,50.3644858858606
45,sel,b24x48,679,46.366755277713
45,sel,b24x72,679,45.574482047573966
45,sel,b24x96,679,47.64310659386302
45,sel,b24x120,679,46.90328463362005
45,sel,b48x72,679,44.92642713028999
45,sel,b48x96,679,46.9487011085354
45,sel,b48x120,679,46.3506006387915
45,sel,b72x96,679,46.78927044131716
45,sel,b72x120,679,46.312202127966295
45,sel,b96x120,679,49.18640169177252
45,sco,s24,401,36.45190023104603
45,sco,s48,401,41.098867754038395
45,sco,s72,401,38.045696817844686
45,sco,s96,401,38.300254265805904
45,sco,s120,401,40.09898681436799
45,sco,b24x48,401,38.38455674555061
45,sco,b24x72,401,36.87783965548775
45,sco,b24x96,401,36.8511422696123
45,sco,b24x120,401,37.42391860635604
45,sco,b48x72,401,39.35880457881466
45,sco,b48x96,401,39.18162725441128
45,sco,b48x120,401,40.049070685880324
45,sco,b72x96,401,37.81273101106213
45,sco,b72x120,401,38.71298611834932
45,sco,b96x120,401,38.690525444154886
48,sel,s24,676,46.60493743889531
48,sel,s48,676,44.05620631962071
48,sel,s72,676,43.701539449865834
48,sel,s96,676,49.33085156759505
48,sel,s120,676,49.892607379866305
48,sel,b24x48,676,45.100321814102564
48,sel,b24x72,676,44.57321479827452
48,sel,b24x96,676,47.02145481015887
48,sel,b24x120,676,46.627690932415504
48,sel,b48x72,676,43.46439087853631
48,sel,b48x96,676,45.86463618047181
48,sel,b48x120,676,45.5334388239397
48,sel,b72x96,676,45.83196442869682
48,sel,b72x120,676,45.584532247945894
48,sel,b96x120,676,48.806778076243454
48,sco,s24,401,37.27252951670006
48,sco,s48,401,41.627924444744615
48,sco,s72,401,39.015724568477594
48,sco,s96,401,39.23247895939612
48,sco,s120,401,40.0098831861416
48,sco,b24x48,401,39.11106156781884
48,sco,b24x72,401,37.789357864556095
48,sco,b24x96,401,37.76653237013342
48,sco,b24x120,401,37.79149989934659
48,sco,b48x72,401,40.127559178267134
48,sco,b48x96,401,39.998644604323324
48,sco,b48x120,401,40.24389635502087
48,sco,b72x96,401,38.75318811949683
48,sco,b72x120,401,39.173432624670056
48,sco,b96x120,401,39.096896693188285
51,sel,s24,673,47.62511647839227
51,sel,s48,673,45.74044956357688
51,sel,s72,673,44.23944205549023
51,sel,s96,673,49.348015039586414
51,sel,s120,673,52.39908697860737
51,sel,b24x48,673,46.38762821679917
51,sel,b24x72,673,45.303682397469366
51,sel,b24x96,673,47.58532035082136
51,sel,b24x120,673,48.35054825981033
51,sel,b48x72,673,44.566694943504665
51,sel,b48x96,673,46.80752974864792
51,sel,b48x120,673,47.6002877637858
51,sel,b72x96,673,46.24628181347431
51,sel,b72x120,673,47.16664655623855
51,sel,b96x120,673,50.15347403744159
51,sco,s24,401,38.176658047018734
51,sco,s48,401,41.73059008508444
51,sco,s72,401,40.17776081329082
51,sco,s96,401,39.577864271664176
51,sco,s120,401,41.244425704547496
51,sco,b24x48,401,39.64899175801174
51,sco,b24x72,401,38.85681867975383
51,sco,b24x96,401,38.4587377097021
51,sco,b24x120,401,38.861262055027126
51,sco,b48x72,401,40.77417566069702
51,sco,b48x96,401,40.24106648232632
51,sco,b48x120,401,40.91882942035609
51,sco,b72x96,401,39.52342269700209
51,sco,b72x120,401,40.343720336832895
51,sco,b96x120,401,39.850146577768236
54,sel,s24,670,49.18220240891755
54,sel,s48,670,48.08693941982098
54,sel,s72,670,45.69166917715908
54,sel,s96,670,48.94490583750885
54,sel,s120,670,53.60705140733205
54,sel,b24x48,670,48.31467488160667
54,sel,b24x72,670,46.75550189026927
54,sel,b24x96,670,48.13314762387135
54,sel,b24x120,670,49.516780595185345
54,sel,b48x72,670,46.427056392866575
54,sel,b48x96,670,47.79929515226153
54,sel,b48x120,670,49.13258193702672
54,sel,b72x96,670,46.80194336977503
54,sel,b72x120,670,48.37861721359283
54,sel,b96x120,670,50.53597266360154
54,sco,s24,401,37.776109639689714
54,sco,s48,401,41.922425656021176
54,sco,s72,401,40.011999386053034
54,sco,s96,401,40.24497321701464
54,sco,s120,401,42.692341635146676
54,sco,b24x48,401,39.571551456283025
54,sco,b24x72,401,38.608327850955305
54,sco,b24x96,401,38.5634055642104
54,sco,b24x120,401,39.42259564836246
54,sco,b48x72,401,40.77742497425694
54,sco,b48x96,401,40.628659906756525
54,sco,b48x120,401,41.7745560373244
54,sco,b72x96,401,39.76423505894974
54,sco,b72x120,401,40.9531025350924
54,sco,b96x120,401,40.953677401082246
57,sel,s24,667,49.692264416915215
57,sel,s48,667,48.939605339632934
57,sel,s72,667,47.626240128788076
57,sel,s96,667,48.68404475665086
57,sel,s120,667,54.25213488299093
57,sel,b24x48,667,49.0185564428512
57,sel,b24x72,667,47.988921962568185
57,sel,b24x96,667,48.31704516741807
57,sel,b24x120,667,49.90629064560484
57,sel,b48x72,667,47.785186932585134
57,sel,b48x96,667,48.11792058548073
57,sel,b48x120,667,49.72393386843743
57,sel,b72x96,667,47.662141259331165
57,sel,b72x120,667,49.648718653539404
57,sel,b96x120,667,50.641745624953984
57,sco,s24,401,38.73460224816547
57,sco,s48,401,42.80703535593361
57,sco,s72,401,40.31007019314161
57,sco,s96,401,40.94700206256709
57,sco,s120,401,43.162551184739065
57,sco,b24x48,401,40.507281516638656
57,sco,b24x72,401,39.27466461095105
57,sco,b24x96,401,39.36158211894136
57,sco,b24x120,401,40.11352283659454
57,sco,b48x72,401,41.35227985742864
57,sco,b48x96,401,41.41958765906459
57,sco,b48x120,401,42.41582169964626
57,sco,b72x96,401,40.246302969303954
57,sco,b72x120,401,41.24262037163273
57,sco,b96x120,401,41.598482082565155
60,sel,s24,664,48.67584821028234
60,sel,s48,664,47.45779938395636
60,sel,s72,664,47.262802198719825
60,sel,s96,664,49.51819990997508
60,sel,s120,664,54.157829606959616
60,sel,b24x48,664,47.81814182725528
60,sel,b24x72,664,47.333388272301164
60,sel,b24x96,664,48.30911582952573
60,sel,b24x120,664,49.53294522595245
60,sel,b48x72,664,46.840454676359556
60,sel,b48x96,664,47.716683972409626
60,sel,b48x120,664,48.90265391076724
60,sel,b72x96,664,47.841929767895714
60,sel,b72x120,664,49.430900970949914
60,sel,b96x120,664,51.0763315998514
60,sco,s24,401,40.27004089796324
60,sco,s48,401,44.859508121557894
60,sco,s72,401,42.128465671803525
60,sco,s96,401,41.89343169149904
60,sco,s120,401,44.157524547660586
60,sco,b24x48,401,42.27202605636109
60,sco,b24x72,401,40.91038944782771
60,sco,b24x96,401,40.65971179419477
60,sco,b24x120,401,41.39795287033683
60,sco,b48x72,401,43.27395091376418
60,sco,b48x96,401,42.94790972598785
60,sco,b48x120,401,43.93359428264337
60,sco,b72x96,401,41.6626921423157
60,sco,b72x120,401,42.604901836854175
60,sco,b96x120,401,42.506705408766585
63,sel,s24,661,50.98077142975549
63,sel,s48,661,47.932221908773286
63,sel,s72,661,48.367266181034054
63,sel,s96,661,51.19000533020921
63,sel,s120,661,53.31913495608423
63,sel,b24x48,661,49.14554649680275
63,sel,b24x72,661,49.02819769874478
63,sel,b24x96,661,50.26523227161122
63,sel,b24x120,661,50.47544059944957
63,sel,b48x72,661,47.60307083479825
63,sel,b48x96,661,48.61330134723159
63,sel,b48x120,661,48.77018607403839
63,sel,b72x96,661,49.27950805100279
63,sel,b72x120,661,49.75413808103796
63,sel,b96x120,661,51.5463651785438
63,sco,s24,401,37.63544250333095
63,sco,s48,401,42.429499071127694
63,sco,s72,401,40.96673450106691
63,sco,s96,401,40.6066408868752
63,sco,s120,401,43.964600953137996
63,sco,b24x48,401,39.750699546047656
63,sco,b24x72,401,38.959905085890746
63,sco,b24x96,401,38.711880599916604
63,sco,b24x120,401,39.95019945404792
63,sco,b48x72,401,41.50614640902182
63,sco,b48x96,401,41.13332854591707
63,sco,b48x120,401,42.605947526469926
63,sco,b72x96,401,40.46276298599585
63,sco,b72x120,401,41.93597769958964
63,sco,b96x120,401,41.74701668066698
66,sel,s24,658,52.06276392275793
66,sel,s48,658,49.22579197734982
66,sel,s72,658,50.36654064608604
66,sel,s96,658,52.144002446218536
66,sel,s120,658,54.45842685116777
66,sel,b24x48,658,50.294163279622985
66,sel,b24x72,658,50.63447972452037
66,sel,b24x96,658,51.3742637659678
66,sel,b24x120,658,51.65717865919636
66,sel,b48x72,658,49.300051334657496
66,sel,b48x96,658,49.76611535804878
66,sel,b48x120,658,50.07370655089993
66,sel,b72x96,658,50.84701005349884
66,sel,b72x120,658,51.43489182559415
66,sel,b96x120,658,52.5967213180043
66,sco,s24,401,36.42724553315982
66,sco,s48,401,40.266255007868935
66,sco,s72,401,39.47667923132758
66,sco,s96,401,39.605688083454375
66,sco,s120,401,42.31668210854273
66,sco,b24x48,401,38.098537559158665
66,sco,b24x72,401,37.58719980003111
66,sco,b24x96,401,37.56792817054475
66,sco,b24x120,401,38.452227490008234
66,sco,b48x72,401,39.679679733208225
66,sco,b48x96,401,39.55059064054427
66,sco,b48x120,401,40.62741043709259
66,sco,b72x96,401,39.17901110843394
66,sco,b72x120,401,40.42678495202825
66,sco,b96x120,401,40.397217032047436
69,sel,s24,655,51.73469868207512
69,sel,s48,655,48.376893311237396
69,sel,s72,655,50.71702324238832
69,sel,s96,655,52.53781737438497
69,sel,s120,655,55.104891051343216
69,sel,b24x48,655,49.69508576281298
69,sel,b24x72,655,50.696768843066444
69,sel,b24x96,655,51.434877119526675
69,sel,b24x120,655,51.94358494887652
69,sel,b48x72,655,49.046777141262126
69,sel,b48x96,655,49.612344661883355
69,sel,b48x120,655,50.16161746914906
69,sel,b72x96,655,51.22772046810593
69,sel,b72x120,655,51.9888253362423
69,sel,b96x120,655,53.178877462897745
69,sco,s24,401,36.85276806739695
69,sco,s48,401,41.289797299029175
69,sco,s72,401,39.03455090158459
69,sco,s96,401,40.170648500635586
69,sco,s120,401,42.96185928427693
69,sco,b24x48,401,38.855983325861615
69,sco,b24x72,401,37.67235867364755
69,sco,b24x96,401,38.09414531751229
69,sco,b24x120,401,39.01523144353799
69,sco,b48x72,401,39.95062283714589
69,sco,b48x96,401,40.32778067577901
69,sco,b48x120,401,41.37715604771247
69,sco,b72x96,401,39.26927744986928
69,sco,b72x120,401,40.50477323924362
69,sco,b96x120,401,40.97653226358998
72,sel,s24,652,50.313704552036214
72,sel,s48,652,49.57273614189956
72,sel,s72,652,50.14550972054157
72,sel,s96,652,52.21859374984493
72,sel,s120,652,54.393490191848926
72,sel,b24x48,652,49.57458099098704
72,sel,b24x72,652,49.68578253999626
72,sel,b24x96,652,50.574150630216245
72,sel,b24x120,652,50.86039771861786
72,sel,b48x72,652,49.3691772825414
72,sel,b48x96,652,50.13381664493257
72,sel,b48x120,652,50.46361904304042
72,sel,b72x96,652,50.82586366726285
72,sel,b72x120,652,51.420503144493054
72,sel,b96x120,652,52.62519075800566
72,sco,s24,401,37.26420581479202
72,sco,s48,401,41.09713202608082
72,sco,s72,401,38.88595934111203
72,sco,s96,401,39.35244323823937
72,sco,s120,401,43.136183297994656
72,sco,b24x48,401,38.95997670331633
72,sco,b24x72,401,37.80700678920645
72,sco,b24x96,401,37.91239309949366
72,sco,b24x120,401,39.35718029268605
72,sco,b48x72,401,39.78616411318555
72,sco,b48x96,401,39.84236854276821
72,sco,b48x120,401,41.40676439986565
72,sco,b72x96,401,38.82663222045621
72,sco,b72x120,401,40.51723610380048
72,sco,b96x120,401,40.67366473658984
75,sel,s24,649,50.98272014602443
75,sel,s48,649,50.97716337214666
75,sel,s72,649,48.88614861971037
75,sel,s96,649,51.80856517810993
75,sel,s120,649,52.89649951054085
75,sel,b24x48,649,50.640513771919515
75,sel,b24x72,649,49.42210479959601
75,sel,b24x96,649,50.56127753309501
75,sel,b24x120,649,50.218613014111604
75,sel,b48x72,649,49.53381741046024
75,sel,b48x96,649,50.61820601952836
75,sel,b48x120,649,50.368837686056935
75,sel,b72x96,649,49.95278495484043
75,sel,b72x120,649,49.9583771806167
75,sel,b96x120,649,51.64081511448623
75,sco,s24,401,37.86039260043415
75,sco,s48,401,41.15999021142578
75,sco,s72,401,39.12720125135651
75,sco,s96,401,38.98053175609431
75,sco,s120,401,42.08417148742734
75,sco,b24x48,401,39.26344186919987
75,sco,b24x72,401,38.183150281924135
75,sco,b24x96,401,38.000379330254376
75,sco,b24x120,401,39.18557567377988
75,sco,b48x72,401,39.9120326103217
75,sco,b48x96,401,39.69020533769118
75,sco,b48x120,401,40.962780197027335
75,sco,b72x96,401,38.73781821507334
75,sco,b72x120,401,40.16859044093853
75,sco,b96x120,401,39.95387043743233
78,sel,s24,646,52.5428704401839
78,sel,s48,646,50.37403191363963
78,sel,s72,646,48.5203023289624
78,sel,s96,646,51.12574571073062
78,sel,s120,646,51.15753154207242
78,sel,b24x48,646,51.06686023684926
78,sel,b24x72,646,49.93566191687919
78,sel,b24x96,646,50.94429401711703
78,sel,b24x120,646,49.85519521902376
78,sel,b48x72,646,49.066522919914945
78,sel,b48x96,646,49.995240282490556
78,sel,b48x120,646,49.08385681362705
78,sel,b72x96,646,49.43739555176416
78,sel,b72x120,646,48.81145588162377
78,sel,b96x120,646,50.4488819750467
78,sco,s24,401,39.4743534456633
78,sco,s48,401,42.797252087020006
78,sco,s72,401,40.120996166764996
78,sco,s96,401,40.1878676544968
78,sco,s120,401,42.30935004814407
78,sco,b24x48,401,40.88015546290088
78,sco,b24x72,401,39.48116746255828
78,sco,b24x96,401,39.39404892688802
78,sco,b24x120,401,40.069315398405905
78,sco,b48x72,401,41.21239486831786
78,sco,b48x96,401,41.147822780094735
78,sco,b48x120,401,41.83870298402238
78,sco,b72x96,401,39.79974344425739
78,sco,b72x120,401,40.744604796233396
78,sco,b96x120,401,40.67744721227728
81,sel,s24,643,53.12180733573342
81,sel,s48,643,50.50706589862012
81,sel,s72,643,49.605464491640944
81,sel,s96,643,52.39264055563022
81,sel,s120,643,52.014856831332004
81,sel,b24x48,643,51.36837298155887
81,sel,b24x72,643,50.7113245261899
81,sel,b24x96,643,51.9832602514607
81,sel,b24x120,643,50.694414824719466
81,sel,b48x72,643,49.70563200630639
81,sel,b48x96,643,50.85671187380205
81,sel,b48x120,643,49.75905624697469
81,sel,b72x96,643,50.63664149768331
81,sel,b72x120,643,49.796524709730896
81,sel,b96x120,643,51.4645360864932
81,sco,s24,401,41.30549014116791
81,sco,s48,401,44.546723983540204
81,sco,s72,401,41.626013796572124
81,sco,s96,401,42.01197440333986
81,sco,s120,401,43.66255913713651
81,sco,b24x48,401,42.656147426363745
81,sco,b24x72,401,41.2113947500103
81,sco,b24x96,401,41.25281326611667
81,sco,b24x120,401,41.68765211741236
81,sco,b48x72,401,42.85717249553549
81,sco,b48x96,401,42.9123858050521
81,sco,b48x120,401,43.33446566603712
81,sco,b72x96,401,41.48393247126505
81,sco,b72x120,401,42.15757915234998
81,sco,b96x120,401,42.25208365212504
84,sel,s24,640,54.44724141903231
84,sel,s48,640,52.19286797095933
84,sel,s72,640,51.29485058918963
84,sel,s96,640,51.6497860681031
84,sel,s120,640,52.29696815303742
84,sel,b24x48,640,52.88384529693236
84,sel,b24x72,640,52.277301794948386
84,sel,b24x96,640,52.319848497903386
84,sel,b24x120,640,51.797282156810596
84,sel,b48x72,640,51.42377024842654
84,sel,b48x96,640,51.39241649705962
84,sel,b48x120,640,51.00418204893338
84,sel,b72x96,640,51.05531258726496
84,sel,b72x120,640,50.888772972780515
84,sel,b96x120,640,51.182998312212355
84,sco,s24,401,42.38865795571327
84,sco,s48,401,45.30177666950038
84,sco,s72,401,42.53017491994366
84,sco,s96,401,43.03952316178879
84,sco,s120,401,44.42697328766365
84,sco,b24x48,401,43.62994830639036
84,sco,b24x72,401,42.260316285136355
84,sco,b24x96,401,42.39454577118572
84,sco,b24x120,401,42.70666021986995
84,sco,b48x72,401,43.73961700806605
84,sco,b48x96,401,43.82965071518173
84,sco,b48x120,401,44.16401463616931
84,sco,b72x96,401,42.49070221353241
84,sco,b72x120,401,43.0471411948239
84,sco,b96x120,401,43.222625640527475
87,sel,s24,637,55.39694742558513
87,sel,s48,637,53.33422147654382
87,sel,s72,637,54.2632409960888
87,sel,s96,637,52.49365288348919
87,sel,s120,637,53.30488480382257
87,sel,b24x48,637,53.9444399728153
87,sel,b24x72,637,54.263734606021025
87,sel,b24x96,637,53.1566377688373
87,sel,b24x120,637,52.791835775015294
87,sel,b48x72,637,53.44231083242862
87,sel,b48x96,637,52.30505825403203
87,sel,b48x120,637,52.00929698992095
87,sel,b72x96,637,52.91254125481524
87,sel,b72x120,637,52.924364324268176
87,sel,b96x120,637,52.0512555375866
87,sco,s24,401,45.31116196372739
87,sco,s48,401,46.99705612180436
87,sco,s72,401,44.882473518603746
87,sco,s96,401,44.56647998359255
87,sco,s120,401,45.37255452639939
87,sco,b24x48,401,45.96124758946988
87,sco,b24x72,401,44.856779638557846
87,sco,b24x96,401,44.62543964466483
87,sco,b24x120,401,44.738943949655024
87,sco,b48x72,401,45.763909526174544
87,sco,b48x96,401,45.45877070041229
87,sco,b48x120,401,45.56661108158593
87,sco,b72x96,401,44.423395037398905
87,sco,b72x120,401,44.76384722193441
87,sco,b96x120,401,44.51724741547171
90,sel,s24,634,54.84764196849263
90,sel,s48,634,52.21896276007229
90,sel,s72,634,54.13622546670458
90,sel,s96,634,52.17611384662977
90,sel,s120,634,52.37613743227086
90,sel,b24x48,634,53.15267610986119
90,sel,b24x72,634,53.99086164536533
90,sel,b24x96,634,52.750873263008486
90,sel,b24x120,634,52.242837798129564
90,sel,b48x72,634,52.74455502049706
90,sel,b48x96,634,51.53471483542727
90,sel,b48x120,634,50.93659485154929
90,sel,b72x96,634,52.723582346452616
90,sel,b72x120,634,52.41581473530615
90,sel,b96x120,634,51.46483834973951
90,sco,s24,401,45.62523611980991
90,sco,s48,401,47.862188486228234
90,sco,s72,401,45.44607123945884
90,sco,s96,401,44.762938379235926
90,sco,s120,401,45.39762747383758
90,sco,b24x48,401,46.53202595712192
90,sco,b24x72,401,45.20831023313728
90,sco,b24x96,401,44.82091459310372
90,sco,b24x120,401,44.80099436719652
90,sco,b48x72,401,46.4498760850703
90,sco,b48x96,401,46.042438580725054
90,sco,b48x120,401,45.966944115521784
90,sco,b72x96,401,44.77819627871669
90,sco,b72x120,401,45.00709258947522
90,sco,b96x120,401,44.56231306012913
93,sel,s24,631,56.12176707854192
93,sel,s48,631,54.92341644291293
93,sel,s72,631,53.93145205698425
93,sel,s96,631,52.36221258055424
93,sel,s120,631,51.67907820174177
93,sel,b24x48,631,55.18574720973204
93,sel,b24x72,631,54.562960792945255
93,sel,b24x96,631,53.60065747987429
93,sel,b24x120,631,52.74722096018881
93,sel,b48x72,631,53.96375017000082
93,sel,b48x96,631,53.00306114417625
93,sel,b48x120,631,51.97257863477828
93,sel,b72x96,631,52.802452941968774
93,sel,b72x120,631,52.052537500244064
93,sel,b96x120,631,51.3451281710328
93,sco,s24,401,44.51230582108543
93,sco,s48,401,46.747441479559086
93,sco,s72,401,45.1761343203964
93,sco,s96,401,44.48531793126351
93,sco,s120,401,45.91982851987134
93,sco,b24x48,401,45.37697222627861
93,sco,b24x72,401,44.48006891397675
93,sco,b24x96,401,44.01013612881512
93,sco,b24x120,401,44.35461607942306
93,sco,b48x72,401,45.76133709372426
93,sco,b48x96,401,45.29036642125199
93,sco,b48x120,401,45.64910561106272
93,sco,b72x96,401,44.45561893802402
93,sco,b72x120,401,45.03122855594835
93,sco,b96x120,401,44.68039550169003
96,sel,s24,628,55.85382060878221
96,sel,s48,628,55.95604614168589
96,sel,s72,628,52.629552490692326
96,sel,s96,628,51.93371301355681
96,sel,s120,628,50.35330138462246
96,sel,b24x48,628,55.57425013529975
96,sel,b24x72,628,53.743269403728014
96,sel,b24x96,628,53.311142294216395
96,sel,b24x120,628,52.0341400349849
96,sel,b48x72,628,53.860086135974655
96,sel,b48x96,628,53.29427544344074
96,sel,b48x120,628,51.96200716805436
96,sel,b72x96,628,51.91991803811695
96,sel,b72x120,628,50.75818583598013
96,sel,b96x120,628,50.58059947430053
96,sco,s24,401,46.76567670319457
96,sco,s48,401,47.89727604395186
96,sco,s72,401,46.59908767816243
96,sco,s96,401,44.90760337811628
96,sco,s120,401,47.26234265182978
96,sco,b24x48,401,47.11997002767015
96,sco,b24x72,401,46.343401571957564
96,sco,b24x96,401,45.38305955797147
96,sco,b24x120,401,46.299710079029566
96,sco,b48x72,401,47.0626555609344
96,sco,b48x96,401,46.037508741587914
96,sco,b48x120,401,46.97612669446753
96,sco,b72x96,401,45.338296730448434
96,sco,b72x120,401,46.38336791673791
96,sco,b96x120,401,45.639541823496586
99,sel,s24,625,56.18460263924644
99,sel,s48,625,56.3731112460703
99,sel,s72,625,53.137853358059225
99,sel,s96,625,52.415364604400956
99,sel,s120,625,50.51048964417927
99,sel,b24x48,625,55.98510291064575
99,sel,b24x72,625,54.208158255953656
99,sel,b24x96,625,53.61543809193961
99,sel,b24x120,625,52.221641507274846
99,sel,b48x72,625,54.31160793752544
99,sel,b48x96,625,53.618333001805546
99,sel,b48x120,625,52.14569039321046
99,sel,b72x96,625,52.34499054068978
99,sel,b72x120,625,51.157665874341845
99,sel,b96x120,625,50.97996321490726
99,sco,s24,401,47.35911074818026
99,sco,s48,401,47.64745443399684
99,sco,s72,401,46.78016937942646
99,sco,s96,401,45.471223339031205
99,sco,s120,401,47.076046310780235
99,sco,b24x48,401,47.3405741590426
99,sco,b24x72,401,46.76960727342259
99,sco,b24x96,401,46.06376385637793
99,sco,b24x120,401,46.62557796119529
99,sco,b48x72,401,47.03510279016915
99,sco,b48x96,401,46.27624641731729
99,sco,b48x120,401,46.762204811135234
99,sco,b72x96,401,45.75612870133918
99,sco,b72x120,401,46.37949110973166
99,sco,b96x120,401,45.788298348134035
102,sel,s24,622,56.5225866253364
102,sel,s48,622,57.63925207487761
102,sel,s72,622,54.28310622176859
102,sel,s96,622,53.823560986503864
102,sel,s120,622,52.58874623565722
102,sel,b24x48,622,56.787525712064685
102,sel,b24x72,622,54.99162725138248
102,sel,b24x96,622,54.407625554421564
102,sel,b24x120,622,53.43296065916272
102,sel,b48x72,622,55.4747289582051
102,sel,b48x96,622,54.6542424157946
102,sel,b48x120,622,53.714667538798466
102,sel,b72x96,622,53.5204067988802
102,sel,b72x120,622,52.77680009178261
102,sel,b96x120,622,52.72671871966371
102,sco,s24,401,48.040948376382474
102,sco,s48,401,49.03053034985872
102,sco,s72,401,47.75397029791462
102,sco,s96,401,46.67591053733909
102,sco,s120,401,46.37435689294011
102,sco,b24x48,401,48.383373657801684
102,sco,b24x72,401,47.62663035050514
102,sco,b24x96,401,47.00762403639322
102,sco,b24x120,401,46.59463092446329
102,sco,b48x72,401,48.2215267330315
102,sco,b48x96,401,47.56072091796976
102,sco,b48x120,401,47.113270513066595
102,sco,b72x96,401,46.84536722893416
102,sco,b72x120,401,46.52861323636345
102,sco,b96x120,401,45.98446076252196
105,sel,s24,619,58.59570211300836
105,sel,s48,619,59.78977521381309
105,sel,s72,619,56.51869648626496
105,sel,s96,619,56.23864786973927
105,sel,s120,619,54.120832019808816
105,sel,b24x48,619,58.88724058905558
105,sel,b24x72,619,57.15096533380337
105,sel,b24x96,619,56.6347674302207
105,sel,b24x120,619,55.274629179087796
105,sel,b48x72,619,57.53005632644335
105,sel,b48x96,619,56.753306739041236
105,sel,b48x120,619,55.4558500844919
105,sel,b72x96,619,55.81546206036644
105,sel,b72x120,619,54.67300402856347
105,sel,b96x120,619,54.6416237243332
105,sco,s24,401,47.441027821094096
105,sco,s48,401,48.763331002775914
105,sco,s72,401,47.815500974227014
105,sco,s96,401,45.22446112194432
105,sco,s120,401,46.8579243122227
105,sco,b24x48,401,47.93900380920573
105,sco,b24x72,401,47.341359849731425
105,sco,b24x96,401,45.914666098447434
105,sco,b24x120,401,46.36316596253779
105,sco,b48x72,401,48.139703531283914
105,sco,b48x96,401,46.67315592694268
105,sco,b48x120,401,47.12052758902655
105,sco,b72x96,401,46.16229458448368
105,sco,b72x120,401,46.825629242677
105,sco,b96x120,401,45.50473958341054
108,sel,s24,616,59.2062022818932
108,sel,s48,616,60.64951859095458
108,sel,s72,616,57.34303324173364
108,sel,s96,616,58.083909308050195
108,sel,s120,616,52.810679445375314
108,sel,b24x48,616,59.59944980861836
108,sel,b24x72,616,57.92873839689547
108,sel,b24x96,616,57.93226287563594
108,sel,b24x120,616,54.96960588237328
108,sel,b48x72,616,58.40351284485528
108,sel,b48x96,616,58.150525599289
108,sel,b48x120,616,55.201852003407474
108,sel,b72x96,616,57.15712735092702
108,sel,b72x120,616,54.38416046280837
108,sel,b96x120,616,54.91792274632118
108,sco,s24,401,49.42536062224257
108,sco,s48,401,49.96999177816826
108,sco,s72,401,48.8358087500649
108,sco,s96,401,46.237381918319905
108,sco,s120,401,49.90893154360868
108,sco,b24x48,401,49.521642079194955
108,sco,b24x72,401,48.84273550419324
108,sco,b24x96,401,47.37478949504071
108,sco,b24x120,401,48.73846793933871
108,sco,b48x72,401,49.27238859885109
108,sco,b48x96,401,47.76183438707721
108,sco,b48x120,401,49.17569006929004
108,sco,b72x96,401,47.23920417382938
108,sco,b72x120,401,48.879801851956884
108,sco,b96x120,401,47.47592659583767
111,sel,s24,613,59.08534415532884
111,sel,s48,613,60.1863173661708
111,sel,s72,613,57.15843243020166
111,sel,s96,613,59.37643335722923
111,sel,s120,613,53.38209920349849
111,sel,b24x48,613,59.35470179686859
111,sel,b24x72,613,57.72552870103034
111,sel,b24x96,613,58.50963752423958
111,sel,b24x120,613,55.317910093348026
111,sel,b48x72,613,58.17898843537424
111,sel,b48x96,613,58.75908399411913
111,sel,b48x120,613,55.56266792607214
111,sel,b72x96,613,57.66043994535898
111,sel,b72x120,613,54.62328822956095
111,sel,b96x120,613,55.91459880168053
111,sco,s24,401,48.83165604182841
111,sco,s48,401,49.860904852584724
111,sco,s72,401,48.57688011940744
111,sco,s96,401,47.312831578963575
111,sco,s120,401,50.99588268732779
111,sco,b24x48,401,49.19462232275905
111,sco,b24x72,401,48.41975818547004
111,sco,b24x96,401,47.59693110662886
111,sco,b24x120,401,49.093037332888485
111,sco,b48x72,401,49.03158491885765
111,sco,b48x96,401,48.201428707007494
111,sco,b48x120,401,49.70901114737009
111,sco,b72x96,401,47.652874387987644
111,sco,b72x120,401,49.381649569456506
111,sco,b96x120,401,48.58173985013597
114,sel,s24,610,58.840840864851856
114,sel,s48,610,60.15849681108638
114,sel,s72,610,56.721070736754555
114,sel,s96,610,61.06970362793735
114,sel,s120,610,55.20857440459686
114,sel,b24x48,610,59.188200407856215
114,sel,b24x72,610,57.28716259076227
114,sel,b24x96,610,59.17643069069429
114,sel,b24x120,610,56.08068455699551
114,sel,b48x72,610,57.94887030344806
114,sel,b48x96,610,59.730622307765344
114,sel,b48x120,610,56.63473284027743
114,sel,b72x96,610,58.31994532277568
114,sel,b72x120,610,55.37012511011081
114,sel,b96x120,610,57.68589183274851
114,sco,s24,401,45.775249238215295
114,sco,s48,401,47.58148410484401
114,sco,s72,401,47.27125065282118
114,sco,s96,401,46.782583802642435
114,sco,s120,401,50.3487664015179
114,sco,b24x48,401,46.5589181882643
114,sco,b24x72,401,46.23614633197277
114,sco,b24x96,401,45.76527771084717
114,sco,b24x120,401,47.16602605754815
114,sco,b48x72,401,47.196580570483604
114,sco,b48x96,401,46.74877069441719
114,sco,b48x120,401,48.14991099795138
114,sco,b72x96,401,46.74920014112382
114,sco,b72x120,401,48.37777374925387
114,sco,b96x120,401,47.96615041516794
117,sel,s24,607,57.66495557839775
117,sel,s48,607,58.960810630561895
117,sel,s72,607,55.92487308904666
117,sel,s96,607,59.91852064016848
117,sel,s120,607,55.23859230908694
117,sel,b24x48,607,57.96617992483067
117,sel,b24x72,607,56.25970452844509
117,sel,b24x96,607,58.0140345441059
117,sel,b24x120,607,55.477323194264635
117,sel,b48x72,607,56.92780023348774
117,sel,b48x96,607,58.630034184346776
117,sel,b48x120,607,56.06758566132169
117,sel,b72x96,607,57.434728725184584
117,sel,b72x120,607,54.90084631180547
117,sel,b96x120,607,57.122918391855904
117,sco,s24,401,48.34944858980667
117,sco,s48,401,49.642364344717
117,sco,s72,401,48.889314884594626
117,sco,s96,401,47.61347672310881
117,sco,s120,401,52.16354316930935
117,sco,b24x48,401,48.88236516094838
117,sco,b24x72,401,48.29431047434573
117,sco,b24x96,401,47.527310640785764
117,sco,b24x120,401,49.30161998984613
117,sco,b48x72,401,48.975208876043624
117,sco,b48x96,401,48.197571721390354
117,sco,b48x120,401,50.01510070978884
117,sco,b72x96,401,48.000795182052755
117,sco,b72x120,401,50.09556578866895
117,sco,b96x120,401,49.218108196001694
12,sel,s24,710,19.146846193208795
12,sel,s48,710,19.981920037567317
12,sel,s72,710,19.875882550298314
12,sel,s96,710,22.294442975610274
12,sel,s120,710,21.959475495530242
12,sel,b24x48,710,19.34311460193483
12,sel,b24x72,710,19.17499708432548
12,sel,b24x96,710,20.120411586809915
12,sel,b24x120,710,19.736500826650023
12,sel,b48x72,710,19.73432262901125
12,sel,b48x96,710,20.694826945033327
12,sel,b48x120,710,20.152296269153837
12,sel,b72x96,710,20.74448602728864
12,sel,b72x120,710,20.265042451132896
12,sel,b96x120,710,21.592871315705384
12,sco,s24,407,15.568585778500212
12,sco,s48,407,15.327407389414988
12,sco,s72,407,15.268784155240775
12,sco,s96,407,17.642671284143375
12,sco,s120,407,15.230407574052546
12,sco,b24x48,407,15.335174091719386
12,sco,b24x72,407,15.279611619521276
12,sco,b24x96,407,16.271361983556623
12,sco,b24x120,407,14.938196040788633
12,sco,b48x72,407,15.178749508653729
12,sco,b48x96,407,16.191528901873877
12,sco,b48x120,407,14.863542908630059
12,sco,b72x96,407,16.232946789894743
12,sco,b72x120,407,14.925165734341066
12,sco,b96x120,407,15.960515071930578
15,sel,s24,707,20.15245759662963
15,sel,s48,707,20.761628296506117
15,sel,s72,707,20.569870759125493
15,sel,s96,707,23.04639383602511
15,sel,s120,707,22.393843885401214
15,sel,b24x48,707,20.20008497040867
15,sel,b24x72,707,20.002351789460356
15,sel,b24x96,707,20.97839990593993
15,sel,b24x120,707,20.4359939247877
15,sel,b48x72,707,20.44431672767258
15,sel,b48x96,707,21.466168381508467
15,sel,b48x120,707,20.753959583865576
15,sel,b72x96,707,21.476959561333878
15,sel,b72x120,707,20.858246994838176
15,sel,b96x120,707,22.191002392268786
15,sco,s24,407,16.376424122251162
15,sco,s48,407,15.83494806780401
15,sco,s72,407,16.214966511963194
15,sco,s96,407,18.456460548119903
15,sco,s120,407,15.141621229148862
15,sco,b24x48,407,15.991246533482503
15,sco,b24x72,407,16.168720651562317
15,sco,b24x96,407,17.056206156609065
15,sco,b24x120,407,15.376122483882869
15,sco,b48x72,407,15.898912210842424
15,sco,b48x96,407,16.788389069817327
15,sco,b48x120,407,15.123664047467239
15,sco,b72x96,407,17.118422209761125
15,sco,b72x120,407,15.354557739022402
15,sco,b96x120,407,16.363711913533155
18,sel,s24,704,21.553986748539213
18,sel,s48,704,21.36172441483255
18,sel,s72,704,21.01806878210212
18,sel,s96,704,23.228572482562043
18,sel,s120,704,22.282415485723117
18,sel,b24x48,704,21.15839943178763
18,sel,b24x72,704,20.899105069764556
18,sel,b24x96,704,21.72004826370926
18,sel,b24x120,704,20.944545950841583
18,sel,b48x72,704,20.989294664711835
18,sel,b48x96,704,21.896864415010867
18,sel,b48x120,704,20.970985672500706
18,sel,b72x96,704,21.817531502675816
18,sel,b72x120,704,21.015577524471947
18,sel,b96x120,704,22.2227711426614
18,sco,s24,407,16.30001365271978
18,sco,s48,407,15.636719189641973
18,sco,s72,407,16.357315795033408
18,sco,s96,407,18.270697431359544
18,sco,s120,407,15.226712973163329
18,sco,b24x48,407,15.858245644502807
18,sco,b24x72,407,16.201814382421848
18,sco,b24x96,407,16.863732323010773
18,sco,b24x120,407,15.401256370052367
18,sco,b48x72,407,15.878076908443102
18,sco,b48x96,407,16.584734574481022
18,sco,b48x120,407,15.084437283939428
18,sco,b72x96,407,17.071884522289693
18,sco,b72x120,407,15.458306800543312
18,sco,b96x120,407,16.3191860494278
21,sel,s24,701,22.2990637524211
21,sel,s48,701,21.30999726830799
21,sel,s72,701,21.45216813364161
21,sel,s96,701,22.517187642849354
21,sel,s120,701,22.9327755744465
21,sel,b24x48,701,21.538992126378194
21,sel,b24x72,701,21.41022619589643
21,sel,b24x96,701,21.70215886848159
21,sel,b24x120,701,21.550215570357697
21,sel,b48x72,701,21.165581386451997
21,sel,b48x96,701,21.530588000109788
21,sel,b48x120,701,21.270431896736017
21,sel,b72x96,701,21.664649440304274
21,sel,b72x120,701,21.58972583567081
21,sel,b96x120,701,22.210948611097415
21,sco,s24,407,16.63172973559599
21,sco,s48,407,16.044050754996228
21,sco,s72,407,16.69821262918052
21,sco,s96,407,18.243357209093805
21,sco,s120,407,15.299448339510825
21,sco,b24x48,407,16.25837077684767
21,sco,b24x72,407,16.54893638983968
21,sco,b24x96,407,17.03375099928992
21,sco,b24x120,407,15.588969818921415
21,sco,b48x72,407,16.256124459082688
21,sco,b48x96,407,16.79259040421724
21,sco,b48x120,407,15.314260293293833
21,sco,b72x96,407,17.218593084749408
21,sco,b72x120,407,15.60804856840753
21,sco,b96x120,407,16.33242009915449
24,sel,s24,698,23.01366597040588
24,sel,s48,698,22.531811751984517
24,sel,s72,698,23.18048550363652
24,sel,s96,698,23.49952477859344
24,sel,s120,698,23.71602901956362
24,sel,b24x48,698,22.553567076303352
24,sel,b24x72,698,22.673395623772716
24,sel,b24x96,698,22.66709725599275
24,sel,b24x120,698,22.41394392687118
24,sel,b48x72,698,22.623269650037873
24,sel,b48x96,698,22.63849179523741
24,sel,b48x120,698,22.292540785672987
24,sel,b72x96,698,23.034305009138606
24,sel,b72x120,698,22.86293294535448
24,sel,b96x120,698,23.16584202017379
24,sco,s24,407,16.22047754902062
24,sco,s48,407,15.908654329222877
24,sco,s72,407,16.369825410584625
24,sco,s96,407,17.601679592885997
24,sco,s120,407,15.45560657896964
24,sco,b24x48,407,15.99092858510177
24,sco,b24x72,407,16.158103699975385
24,sco,b24x96,407,16.48407260422896
24,sco,b24x120,407,15.462331381193177
24,sco,b48x72,407,16.04191796019623
24,sco,b48x96,407,16.40406430900563
24,sco,b48x120,407,15.344006000644615
24,sco,b72x96,407,16.756088327072817
24,sco,b72x120,407,15.552296401139872
24,sco,b96x120,407,16.128224751796587
27,sel,s24,695,21.89964989767834
27,sel,s48,695,22.356864311753537
27,sel,s72,695,22.512568061573024
27,sel,s96,695,23.676619579362235
27,sel,s120,695,23.322164890332203
27,sel,b24x48,695,21.938229332659777
27,sel,b24x72,695,21.84221657945779
27,sel,b24x96,695,22.215984429001008
27,sel,b24x120,695,21.779835588573874
27,sel,b48x72,695,22.229011349103786
27,sel,b48x96,695,22.61878323261681
27,sel,b48x120,695,22.045661157870732
27,sel,b72x96,695,22.793308872004065
27,sel,b72x120,695,22.2998915513241
27,sel,b96x120,695,23.078802799406198
27,sco,s24,407,14.695911013760153
27,sco,s48,407,14.790428865119695
27,sco,s72,407,15.141741110314634
27,sco,s96,407,17.10137694576059
27,sco,s120,407,15.303983425064914
27,sco,b24x48,407,14.642893433247668
27,sco,b24x72,407,14.782152338251423
27,sco,b24x96,407,15.350272487028962
27,sco,b24x120,407,14.705318281732442
27,sco,b48x72,407,14.88219827361241
27,sco,b48x96,407,15.555257899728987
27,sco,b48x120,407,14.745698809218986
27,sco,b72x96,407,15.839941269510419
27,sco,b72x120,407,14.9004054454623
27,sco,b96x120,407,15.763995868417764
30,sel,s24,692,22.175562448913965
30,sel,s48,692,23.06615084297548
30,sel,s72,692,22.524905965263258
30,sel,s96,692,23.810423640476778
30,sel,s120,692,23.368321511091438
30,sel,b24x48,692,22.418055301920383
30,sel,b24x72,692,22.02814854604012
30,sel,b24x96,692,22.393110006882814
30,sel,b24x120,692,21.905669797467066
30,sel,b48x72,692,22.653663284643436
30,sel,b48x96,692,23.07141175157676
30,sel,b48x120,692,22.43330949417549
30,sel,b72x96,692,22.896597000406768
30,sel,b72x120,692,22.336110377235862
30,sel,b96x120,692,23.192066560495938
30,sco,s24,407,15.237638103720787
30,sco,s48,407,15.102489304486069
30,sco,s72,407,15.755364720061158
30,sco,s96,407,18.073583808759555
30,sco,s120,407,15.281312167863845
30,sco,b24x48,407,15.066847984545667
30,sco,b24x72,407,15.369526036924844
30,sco,b24x96,407,16.08596682073991
30,sco,b24x120,407,15.018187082471394
30,sco,b48x72,407,15.328186897845283
30,sco,b48x96,407,16.172838610066588
30,sco,b48x120,407,14.914858018182251
30,sco,b72x96,407,16.569487904716357
30,sco,b72x120,407,15.211001425419612
30,sco,b96x120,407,16.174527875671036
33,sel,s24,689,24.54995546293188
33,sel,s48,689,24.84057809632707
33,sel,s72,689,24.287335288077106
33,sel,s96,689,24.405363489347444
33,sel,s120,689,24.0832886177271
33,sel,b24x48,689,24.452589653169113
33,sel,b24x72,689,24.115727546766742
33,sel,b24x96,689,23.801364438753144
33,sel,b24x120,689,23.35660942697977
33,sel,b48x72,689,24.434289065852482
33,sel,b48x96,689,24.249593802042003
33,sel,b48x120,689,23.64614400944805
33,sel,b72x96,689,24.063282207610442
33,sel,b72x120,689,23.535279360780635
33,sel,b96x120,689,23.83158162655955
33,sco,s24,407,15.31564081616271
33,sco,s48,407,15.522077202451085
33,sco,s72,407,15.669055914750505
33,sco,s96,407,18.11740429998756
33,sco,s120,407,15.641826543669232
33,sco,b24x48,407,15.331293335158243
33,sco,b24x72,407,15.365803214972754
33,sco,b24x96,407,16.167615154694964
33,sco,b24x120,407,15.206097327044729
33,sco,b48x72,407,15.495121628984814
33,sco,b48x96,407,16.368515916484363
33,sco,b48x120,407,15.298366234842756
33,sco,b72x96,407,16.527607149357898
33,sco,b72x120,407,15.354728531874215
33,sco,b96x120,407,16.417904981811756
36,sel,s24,686,25.49494007750389
36,sel,s48,686,25.070581238993675
36,sel,s72,686,25.038834011252565
36,sel,s96,686,24.582157547401216
36,sel,s120,686,24.25966525383085
36,sel,b24x48,686,25.002358796458495
36,sel,b24x72,686,24.948122442387586
36,sel,b24x96,686,24.355902099639337
36,sel,b24x120,686,23.920700675345543
36,sel,b48x72,686,24.891893562999506
36,sel,b48x96,686,24.447778932229618
36,sel,b48x120,686,23.852731319145004
36,sel,b72x96,686,24.51069611931961
36,sel,b72x120,686,24.035334513268324
36,sel,b96x120,686,23.996005229334152
36,sco,s24,407,14.000339021280844
36,sco,s48,407,14.973052729408996
36,sco,s72,407,14.728180193218678
36,sco,s96,407,17.269944228512994
36,sco,s120,407,15.171794928156464
36,sco,b24x48,407,14.37793469793985
36,sco,b24x72,407,14.225224670925446
36,sco,b24x96,407,15.119626123532937
36,sco,b24x120,407,14.259339993037573
36,sco,b48x72,407,14.74837920026018
36,sco,b48x96,407,15.647995384979978
36,sco,b48x120,407,14.735676720268303
36,sco,b72x96,407,15.611461145604768
36,sco,b72x120,407,14.624426120159757
36,sco,b96x120,407,15.781193302956261
39,sel,s24,683,26.115968072496848
39,sel,s48,683,25.684557392426
39,sel,s72,683,25.2118518512009
39,sel,s96,683,25.28532999330421
39,sel,s120,683,24.047712622353416
39,sel,b24x48,683,25.5853386326067
39,sel,b24x72,683,25.312978376210737
39,sel,b24x96,683,25.026910030848633
39,sel,b24x120,683,24.13444698461157
39,sel,b48x72,683,25.240341530359835
39,sel,b48x96,683,25.067910390024117
39,sel,b48x120,683,23.966270282482
39,sel,b72x96,683,24.945581687752494
39,sel,b72x120,683,23.947013914225238
39,sel,b96x120,683,24.254060475532405
39,sco,s24,407,14.215380027427821
39,sco,s48,407,15.143275799257914
39,sco,s72,407,14.355764150718231
39,sco,s96,407,17.775370585063566
39,sco,s120,407,15.072205571991823
39,sco,b24x48,407,14.555676350820805
39,sco,b24x72,407,14.130324438158784
39,sco,b24x96,407,15.459953142219588
39,sco,b24x120,407,14.325398137490005
39,sco,b48x72,407,14.614471779590064
39,sco,b48x96,407,15.996598314342318
39,sco,b48x120,407,14.77330883611061
39,sco,b72x96,407,15.701643114975552
39,sco,b72x120,407,14.408413043237722
39,sco,b96x120,407,15.955699851506532
42,sel,s24,680,26.174024793445593
42,sel,s48,680,27.358610899488177
42,sel,s72,680,25.926427273500693
42,sel,s96,680,25.94358194657707
42,sel,s120,680,23.679567355000557
42,sel,b24x48,680,26.46734252094157
42,sel,b24x72,680,25.694849226110975
42,sel,b24x96,680,25.367286484395997
42,sel,b24x120,680,23.887767370627863
42,sel,b48x72,680,26.402919074695873
42,sel,b48x96,680,26.061644749700704
42,sel,b48x120,680,24.29621344019146
42,sel,b72x96,680,25.59190398494324
42,sel,b72x120,680,23.955188700048375
42,sel,b96x120,680,24.352725288098455
42,sco,s24,407,14.940055147955023
42,sco,s48,407,14.913373877493672
42,sco,s72,407,14.478634599561174
42,sco,s96,407,17.65645393691417
42,sco,s120,407,15.08401868252769
42,sco,b24x48,407,14.791609148219704
42,sco,b24x72,407,14.55425351282684
42,sco,b24x96,407,15.705038305199361
42,sco,b24x120,407,14.697426716677409
42,sco,b48x72,407,14.549696525621249
42,sco,b48x96,407,15.788263236370563
42,sco,b48x120,407,14.669936462014808
42,sco,b72x96,407,15.722412213653929
42,sco,b72x120,407,14.503878135497764
42,sco,b96x120,407,15.883999933234783
45,sel,s24,677,25.892892465256367
45,sel,s48,677,27.330387588618848
45,sel,s72,677,26.37636234541901
45,sel,s96,677,25.444706596901273
45,sel,s120,677,24.627258685816948
45,sel,b24x48,677,26.3282415198492
45,sel,b24x72,677,25.73528146999768
45,sel,b24x96,677,25.003551419320335
45,sel,b24x120,677,24.23087570599781
45,sel,b48x72,677,26.57644319829337
45,sel,b48x96,677,25.80848225536101
45,sel,b48x120,677,24.808519903234604
45,sel,b72x96,677,25.538628873831566
45,sel,b72x120,677,24.667215821260946
45,sel,b96x120,677,24.592933668767888
45,sco,s24,407,16.16427907313974
45,sco,s48,407,15.561431493643171
45,sco,s72,407,15.936109031018937
45,sco,s96,407,17.780857137178295
45,sco,s120,407,15.961360311895685
45,sco,b24x48,407,15.724002353059106
45,sco,b24x72,407,15.904757200201985
45,sco,b24x96,407,16.40715167792782
45,sco,b24x120,407,15.676062996792705
45,sco,b48x72,407,15.59581959332772
45,sco,b48x96,407,16.212472323226937
45,sco,b48x120,407,15.407333384531466
45,sco,b72x96,407,16.514550209151853
45,sco,b72x120,407,15.62257616593159
45,sco,b96x120,407,16.404701635525203
48,sel,s24,674,23.662194184092783
48,sel,s48,674,24.96061210816394
48,sel,s72,674,24.95955207178424
48,sel,s96,674,23.804403595556437
48,sel,s120,674,24.131249870088595
48,sel,b24x48,674,24.05667361246229
48,sel,b24x72,674,23.914821342725034
48,sel,b24x96,674,23.10725375633847
48,sel,b24x120,674,23.029950548996904
48,sel,b48x72,674,24.667173968920615
48,sel,b48x96,674,23.85944163254245
48,sel,b48x120,674,23.533684002617445
48,sel,b72x96,674,23.99840555832857
48,sel,b72x120,674,23.777117024898804
48,sel,b96x120,674,23.547432507057607
48,sco,s24,407,16.43361711422964
48,sco,s48,407,15.677539180522245
48,sco,s72,407,15.676559831459137
48,sco,s96,407,17.686259600092747
48,sco,s120,407,16.13651317236295
48,sco,b24x48,407,15.93921121837164
48,sco,b24x72,407,15.890336742426175
48,sco,b24x96,407,16.568083213615534
48,sco,b24x120,407,15.89157662698077
48,sco,b48x72,407,15.535685052617003
48,sco,b48x96,407,16.291625046827658
48,sco,b48x120,407,15.541261497559324
48,sco,b72x96,407,16.34446065244948
48,sco,b72x120,407,15.57386776244444
48,sco,b96x120,407,16.46109099703855
51,sel,s24,673,22.180881159338494
51,sel,s48,673,24.241373858510038
51,sel,s72,673,23.426765658758875
51,sel,s96,673,23.133371366490938
51,sel,s120,673,24.169970229507676
51,sel,b24x48,673,22.926050004907705
51,sel,b24x72,673,22.45707338229118
51,sel,b24x96,673,22.113537839920753
51,sel,b24x120,673,22.30893080283439
51,sel,b48x72,673,23.58674178119623
51,sel,b48x96,673,23.276546263902013
51,sel,b48x120,673,23.238202439454085
51,sel,b72x96,673,22.954646397798843
51,sel,b72x120,673,23.088161740327156
51,sel,b96x120,673,23.259349919284823
51,sco,s24,407,15.060425179031691
51,sco,s48,407,15.065018563487047
51,sco,s72,407,14.921803333034841
51,sco,s96,407,16.993820567767084
51,sco,s120,407,15.249326226923033
51,sco,b24x48,407,14.94978100464411
51,sco,b24x72,407,14.806988115122543
51,sco,b24x96,407,15.547971013495768
51,sco,b24x120,407,14.72576145708239
51,sco,b48x72,407,14.849606536160511
51,sco,b48x96,407,15.658439535887307
51,sco,b48x120,407,14.776380271982923
51,sco,b72x96,407,15.65460489104493
51,sco,b72x120,407,14.762583867303663
51,sco,b96x120,407,15.698619841299827
54,sel,s24,670,22.805259866898403
54,sel,s48,670,24.913455015987957
54,sel,s72,670,23.495515405593064
54,sel,s96,670,23.626686047516472
54,sel,s120,670,24.90332851252913
54,sel,b24x48,670,23.559194755514845
54,sel,b24x72,670,22.869546346277062
54,sel,b24x96,670,22.72458084022739
54,sel,b24x120,670,22.99454250713747
54,sel,b48x72,670,24.009265386881186
54,sel,b48x96,670,23.87255895925591
54,sel,b48x120,670,23.982530220561898
54,sel,b72x96,670,23.27556878091962
54,sel,b72x120,670,23.546094032581063
54,sel,b96x120,670,23.958535233340804
54,sco,s24,407,15.4107186018305
54,sco,s48,407,15.730658131324335
54,sco,s72,407,15.432809793295064
54,sco,s96,407,17.375653211498328
54,sco,s120,407,15.49958537701063
54,sco,b24x48,407,15.459972812699114
54,sco,b24x72,407,15.245941437555874
54,sco,b24x96,407,15.874399365944384
54,sco,b24x120,407,15.030750010128987
54,sco,b48x72,407,15.441376185607151
54,sco,b48x96,407,16.170822546082526
54,sco,b48x120,407,15.212246311659918
54,sco,b72x96,407,16.112997743341403
54,sco,b72x120,407,15.139664486942568
54,sco,b96x120,407,15.998712146993622
57,sel,s24,667,23.54911942182213
57,sel,s48,667,25.163768272813932
57,sel,s72,667,23.75576593550876
57,sel,s96,667,24.45241805165994
57,sel,s120,667,24.908902849420585
57,sel,b24x48,667,24.088593271120203
57,sel,b24x72,667,23.35395029994139
57,sel,b24x96,667,23.49595310325124
57,sel,b24x120,667,23.31911053086165
57,sel,b48x72,667,24.28078162315002
57,sel,b48x96,667,24.404745817130127
57,sel,b48x120,667,24.132746568474765
57,sel,b72x96,667,23.84197399962768
57,sel,b72x120,667,23.718026972245895
57,sel,b96x120,667,24.364600885716953
57,sco,s24,407,16.456168860899858
57,sco,s48,407,15.883667841039312
57,sco,s72,407,16.09055800796519
57,sco,s96,407,18.203252733984694
57,sco,s120,407,16.28404791780281
57,sco,b24x48,407,16.047303906138545
57,sco,b24x72,407,16.0844652510393
57,sco,b24x96,407,16.813834274008176
57,sco,b24x120,407,15.938421743015128
57,sco,b48x72,407,15.835071640832043
57,sco,b48x96,407,16.653116622407275
57,sco,b48x120,407,15.710604149752829
57,sco,b72x96,407,16.86130957950269
57,sco,b72x120,407,15.82751987944782
57,sco,b96x120,407,16.80217821463647
60,sel,s24,664,23.790082785860967
60,sel,s48,664,24.111973887802346
60,sel,s72,664,23.81432266632077
60,sel,s96,664,24.2234041172801
60,sel,s120,664,24.748539724834576
60,sel,b24x48,664,23.714373534907686
60,sel,b24x72,664,23.51494075344314
60,sel,b24x96,664,23.428332496011635
60,sel,b24x120,664,23.41913533451688
60,sel,b48x72,664,23.775254668574263
60,sel,b48x96,664,23.756290439011302
60,sel,b48x120,664,23.646629374115648
60,sel,b72x96,664,23.692815779873065
60,sel,b72x120,664,23.683695263070568
60,sel,b96x120,664,24.177977597167626
60,sco,s24,407,16.487893530139488
60,sco,s48,407,16.094803628180873
60,sco,s72,407,16.578524756166914
60,sco,s96,407,18.610129081917705
60,sco,s120,407,16.534814627971475
60,sco,b24x48,407,16.16612080402312
60,sco,b24x72,407,16.36493204193875
60,sco,b24x96,407,17.151616848676703
60,sco,b24x120,407,16.1255989177401
60,sco,b48x72,407,16.18584106021578
60,sco,b48x96,407,16.983632252729496
60,sco,b48x120,407,15.957802857768772
60,sco,b72x96,407,17.33431801930552
60,sco,b72x120,407,16.188967952314854
60,sco,b96x120,407,17.1467604478355
63,sel,s24,661,24.333593887723246
63,sel,s48,661,24.905120812221305
63,sel,s72,661,24.292440083998315
63,sel,s96,661,24.254539035163617
63,sel,s120,661,24.931243063202974
63,sel,b24x48,661,24.384953950730118
63,sel,b24x72,661,24.04417046568157
63,sel,b24x96,661,23.759329284524632
63,sel,b24x120,661,23.94111957315704
63,sel,b48x72,661,24.396713390462196
63,sel,b48x96,661,24.145978489614997
63,sel,b48x120,661,24.198196370553482
63,sel,b72x96,661,23.950979260283745
63,sel,b72x120,661,24.101718685255797
63,sel,b96x120,661,24.298397713304798
63,sco,s24,407,15.813646024160041
63,sco,s48,407,16.39219539939497
63,sco,s72,407,16.494971672077998
63,sco,s96,407,18.68300694001652
63,sco,s120,407,17.166217236265457
63,sco,b24x48,407,15.997123036828768
63,sco,b24x72,407,16.005054012605456
63,sco,b24x96,407,16.8887343499191
63,sco,b24x120,407,16.15608426894507
63,sco,b48x72,407,16.27544438950401
63,sco,b48x96,407,17.124049065137005
63,sco,b48x120,407,16.40423115944356
63,sco,b72x96,407,17.321993869253713
63,sco,b72x120,407,16.480124299482874
63,sco,b96x120,407,17.474285061491663
66,sel,s24,658,25.690654004726657
66,sel,s48,658,26.349195062618588
66,sel,s72,658,25.572439730432315
66,sel,s96,658,25.612136449121024
66,sel,s120,658,26.560589234780352
66,sel,b24x48,658,25.796616244571588
66,sel,b24x72,658,25.393773957355457
66,sel,b24x96,658,25.184373793236638
66,sel,b24x120,658,25.593507420954175
66,sel,b48x72,658,25.768633446021703
66,sel,b48x96,658,25.5558696361746
66,sel,b48x120,658,25.798162143558624
66,sel,b72x96,658,25.330632222421023
66,sel,b72x120,658,25.64606923183949
66,sel,b96x120,658,25.7926857924092
66,sco,s24,407,16.567752602067685
66,sco,s48,407,17.637774836004617
66,sco,s72,407,17.11173293313312
66,sco,s96,407,19.55247612726154
66,sco,s120,407,18.055006292410585
66,sco,b24x48,407,17.00813581589517
66,sco,b24x72,407,16.683834822457296
66,sco,b24x96,407,17.633537999930567
66,sco,b24x120,407,16.997210837585513
66,sco,b48x72,407,17.20975292355208
66,sco,b48x96,407,18.169555079402016
66,sco,b48x120,407,17.470343492812475
66,sco,b72x96,407,18.06095671951932
66,sco,b72x120,407,17.22957560364517
66,sco,b96x120,407,18.312426968133117
69,sel,s24,655,25.243176951743813
69,sel,s48,655,26.170859404668125
69,sel,s72,655,26.049484555263167
69,sel,s96,655,25.93570074589406
69,sel,s120,655,26.840439570050485
69,sel,b24x48,655,25.478587090935726
69,sel,b24x72,655,25.38576264810317
69,sel,b24x96,655,25.182145769751326
69,sel,b24x120,655,25.609387946757675
69,sel,b48x72,655,25.950546380793977
69,sel,b48x96,655,25.721366861945576
69,sel,b48x120,655,25.986108914700047
69,sel,b72x96,655,25.713775305779965
69,sel,b72x120,655,26.007001701642384
69,sel,b96x120,655,26.1040618653659
69,sco,s24,407,16.771408688186995
69,sco,s48,407,17.93647518696664
69,sco,s72,407,17.310639030572364
69,sco,s96,407,19.380298266031467
69,sco,s120,407,17.534968970032935
69,sco,b24x48,407,17.2655088252486
69,sco,b24x72,407,16.91720022539178
69,sco,b24x96,407,17.642002342474296
69,sco,b24x120,407,16.823019137288796
69,sco,b48x72,407,17.520188926720614
69,sco,b48x96,407,18.26603331561279
69,sco,b48x120,407,17.34717928314735
69,sco,b72x96,407,18.076984748864138
69,sco,b72x120,407,17.066466298355795
69,sco,b96x120,407,17.977822874109002
72,sel,s24,652,24.284873812838217
72,sel,s48,652,25.49336305913968
72,sel,s72,652,24.829906663131197
72,sel,s96,652,25.317406180189074
72,sel,s120,652,25.86201266582285
72,sel,b24x48,652,24.662381555840366
72,sel,b24x72,652,24.264856852806233
72,sel,b24x96,652,24.458875705621637
72,sel,b24x120,652,24.595724531242336
72,sel,b48x72,652,25.014606665578434
72,sel,b48x96,652,25.15747154270959
72,sel,b48x120,652,25.1770294497754
72,sel,b72x96,652,24.803860835367935
72,sel,b72x120,652,24.87659357961352
72,sel,b96x120,652,25.271127628236727
72,sco,s24,407,16.121844342782204
72,sco,s48,407,17.322954007956678
72,sco,s72,407,16.476531733604613
72,sco,s96,407,18.60266968005451
72,sco,s120,407,16.99092024499734
72,sco,b24x48,407,16.613671861630714
72,sco,b24x72,407,16.185308864232216
72,sco,b24x96,407,16.921017666863108
72,sco,b24x120,407,16.221035471341956
72,sco,b48x72,407,16.799722750928453
72,sco,b48x96,407,17.585703141058623
72,sco,b48x120,407,16.752762011251406
72,sco,b72x96,407,17.263552084905683
72,sco,b72x120,407,16.347620432383746
72,sco,b96x120,407,17.27833497043145
75,sel,s24,649,24.357700646219307
75,sel,s48,649,25.83272025653337
75,sel,s72,649,25.17064850041229
75,sel,s96,649,25.9605082165506
75,sel,s120,649,25.606606366490986
75,sel,b24x48,649,24.836565040603023
75,sel,b24x72,649,24.488289436627053
75,sel,b24x96,649,24.816037786549316
75,sel,b24x120,649,24.412491595649005
75,sel,b48x72,649,25.3551051664799
75,sel,b48x96,649,25.617653790042095
75,sel,b48x120,649,25.111748396222488
75,sel,b72x96,649,25.31121089964642
75,sel,b72x120,649,24.862364773940477
75,sel,b96x120,649,25.41102451346391
75,sco,s24,407,16.448792125120345
75,sco,s48,407,17.137854967729783
75,sco,s72,407,15.816361157477072
75,sco,s96,407,17.946079102110037
75,sco,s120,407,16.591037357699115
75,sco,b24x48,407,16.691428408464606
75,sco,b24x72,407,15.99519331439054
75,sco,b24x96,407,16.728234234391163
75,sco,b24x120,407,16.14502900489993
75,sco,b48x72,407,16.331767566968697
75,sco,b48x96,407,17.13429510255761
75,sco,b48x120,407,16.427817591807614
75,sco,b72x96,407,16.574758804757487
75,sco,b72x120,407,15.809040183627388
75,sco,b96x120,407,16.731749778252105
78,sel,s24,646,25.729171553258723
78,sel,s48,646,26.211448273545233
78,sel,s72,646,25.591592282663
78,sel,s96,646,25.956006285619498
78,sel,s120,646,26.728141650275056
78,sel,b24x48,646,25.672596958422254
78,sel,b24x72,646,25.35898586759437
78,sel,b24x96,646,25.46004095842457
78,sel,b24x120,646,25.569674717933204
78,sel,b48x72,646,25.73818224985088
78,sel,b48x96,646,25.766836106966252
78,sel,b48x120,646,25.79412804780904
78,sel,b72x96,646,25.531931951000953
78,sel,b72x120,646,25.605318638435904
78,sel,b96x120,646,25.928839999092418
78,sco,s24,407,16.54614000645593
78,sco,s48,407,17.094989321907004
78,sco,s72,407,15.911254897511485
78,sco,s96,407,17.855812820452847
78,sco,s120,407,16.280430352942
78,sco,b24x48,407,16.720512793164296
78,sco,b24x72,407,16.084251510422483
78,sco,b24x96,407,16.723272588795737
78,sco,b24x120,407,16.021141536755373
78,sco,b48x72,407,16.345622581794206
78,sco,b48x96,407,17.082034496547237
78,sco,b48x120,407,16.2209262649354
78,sco,b72x96,407,16.569192187970216
78,sco,b72x120,407,15.720308582142076
78,sco,b96x120,407,16.545413149965093
81,sel,s24,643,27.126722995117923
81,sel,s48,643,26.998454923019843
81,sel,s72,643,26.554542075761844
81,sel,s96,643,26.823720918964927
81,sel,s120,643,28.479463678070097
81,sel,b24x48,643,26.780493361110402
81,sel,b24x72,643,26.508778386551217
81,sel,b24x96,643,26.58775529499823
81,sel,b24x120,643,27.111254856517277
81,sel,b48x72,643,26.6122048734456
81,sel,b48x96,643,26.58159135046721
81,sel,b48x120,643,27.100930151195683
81,sel,b72x96,643,26.43697570092329
81,sel,b72x120,643,26.96097668738133
81,sel,b96x120,643,27.22680919481143
81,sco,s24,407,16.588839777687525
81,sco,s48,407,18.00036228068645
81,sco,s72,407,16.960013079298896
81,sco,s96,407,18.924726257428265
81,sco,s120,407,16.603847291971373
81,sco,b24x48,407,17.19284771660052
81,sco,b24x72,407,16.653627409320958
81,sco,b24x96,407,17.33631322415586
81,sco,b24x120,407,16.255689495368237
81,sco,b48x72,407,17.32061726865301
81,sco,b48x96,407,18.09931279675653
81,sco,b48x120,407,16.83025136370708
81,sco,b72x96,407,17.646569935079835
81,sco,b72x120,407,16.42959588919004
81,sco,b96x120,407,17.218421108611732
84,sel,s24,640,28.157215691032132
84,sel,s48,640,27.600098172420235
84,sel,s72,640,27.215300341136295
84,sel,s96,640,27.067444342944146
84,sel,s120,640,28.76035374441703
84,sel,b24x48,640,27.629568373365565
84,sel,b24x72,640,27.39525996450589
84,sel,b24x96,640,27.24784439929262
84,sel,b24x120,640,27.853336669622422
84,sel,b48x72,640,27.239113294799985
84,sel,b48x96,640,27.008020080268277
84,sel,b48x120,640,27.61305641166513
84,sel,b72x96,640,26.89590534569613
84,sel,b72x120,640,27.448997482889094
84,sel,b96x120,640,27.533966319619413
84,sco,s24,407,17.129058085049227
84,sco,s48,407,18.21889023083673
84,sco,s72,407,17.30898387169247
84,sco,s96,407,19.12468463348075
84,sco,s120,407,17.275437315045142
84,sco,b24x48,407,17.57461095827705
84,sco,b24x72,407,17.118760374513954
84,sco,b24x96,407,17.770660862434188
84,sco,b24x120,407,16.892114298030585
84,sco,b48x72,407,17.615242401293713
84,sco,b48x96,407,18.33464843407284
84,sco,b48x120,407,17.306585433789106
84,sco,b72x96,407,17.93664500342043
84,sco,b72x120,407,16.975120716487144
84,sco,b96x120,407,17.626500830798967
87,sel,s24,637,28.546206444365726
87,sel,s48,637,27.647745347156416
87,sel,s72,637,27.577772436978684
87,sel,s96,637,26.815683658522786
87,sel,s120,637,28.465144810482848
87,sel,b24x48,637,27.84650616083706
87,sel,b24x72,637,27.754675874247514
87,sel,b24x96,637,27.312986862408984
87,sel,b24x120,637,27.889039946677407
87,sel,b48x72,637,27.444913646193903
87,sel,b48x96,637,26.882906991612778
87,sel,b48x120,637,27.487871135139024
87,sel,b72x96,637,26.950467243171445
87,sel,b72x120,637,27.528711503480235
87,sel,b96x120,637,27.27008875976236
87,sco,s24,407,18.741164334880082
87,sco,s48,407,19.251550335700855
87,sco,s72,407,18.058968098302373
87,sco,s96,407,19.518295828799594
87,sco,s120,407,18.157301214238238
87,sco,b24x48,407,18.92567459568077
87,sco,b24x72,407,18.320305805630205
87,sco,b24x96,407,18.834506099356176
87,sco,b24x120,407,18.14802355175754
87,sco,b48x72,407,18.542786662798168
87,sco,b48x96,407,19.08556528871186
87,sco,b48x120,407,18.32887757241233
87,sco,b72x96,407,18.54620692354468
87,sco,b72x120,407,17.84102699768791
87,sco,b96x120,407,18.324054248532946
90,sel,s24,634,27.947193752627292
90,sel,s48,634,27.988920217076753
90,sel,s72,634,27.936879302775637
90,sel,s96,634,26.854598208944488
90,sel,s120,634,28.784609473392354
90,sel,b24x48,634,27.73941003047189
90,sel,b24x72,634,27.63093078216057
90,sel,b24x96,634,27.01792427033162
90,sel,b24x120,634,27.77414271311052
90,sel,b48x72,634,27.74642116970635
90,sel,b48x96,634,27.033944508843234
90,sel,b48x120,634,27.780065467594447
90,sel,b72x96,634,27.1297728134042
90,sel,b72x120,634,27.89448987095628
90,sel,b96x120,634,27.46323711754384
90,sco,s24,407,19.36105742106967
90,sco,s48,407,20.17183288329555
90,sco,s72,407,18.214790653284144
90,sco,s96,407,20.153938013203987
90,sco,s120,407,18.150335679849412
90,sco,b24x48,407,19.691198552472848
90,sco,b24x72,407,18.680268180010586
90,sco,b24x96,407,19.42904601605858
90,sco,b24x120,407,18.407804531219693
90,sco,b48x72,407,19.05582114182889
90,sco,b48x96,407,19.85002196195137
90,sco,b48x120,407,18.74188556331504
90,sco,b72x96,407,18.940919942098446
90,sco,b72x120,407,17.902297721236135
90,sco,b96x120,407,18.628023166373897
93,sel,s24,631,27.76649150504161
93,sel,s48,631,28.774022932714875
93,sel,s72,631,27.813147046682563
93,sel,s96,631,26.617473658618476
93,sel,s120,631,28.226158743508556
93,sel,b24x48,631,28.074058902054652
93,sel,b24x72,631,27.488144679292624
93,sel,b24x96,631,26.81312769839627
93,sel,b24x120,631,27.41937097279844
93,sel,b48x72,631,28.03975335443618
93,sel,b48x96,631,27.27933480774996
93,sel,b48x120,631,27.834160819311716
93,sel,b72x96,631,26.943138518130983
93,sel,b72x120,631,27.542652004695057
93,sel,b96x120,631,27.021696689939255
93,sco,s24,407,18.42772388364502
93,sco,s48,407,19.729375632625988
93,sco,s72,407,17.68859562312653
93,sco,s96,407,19.61174309776011
93,sco,s120,407,17.489620300993582
93,sco,b24x48,407,18.977936849978825
93,sco,b24x72,407,17.940610293627238
93,sco,b24x96,407,18.647885247935022
93,sco,b24x120,407,17.687079549062936
93,sco,b48x72,407,18.57558983292158
93,sco,b48x96,407,19.307444063809836
93,sco,b48x120,407,18.197190525706567
93,sco,b72x96,407,18.36042958582624
93,sco,b72x120,407,17.296571567757614
93,sco,b96x120,407,18.011438154237336
96,sel,s24,628,28.09751082786474
96,sel,s48,628,29.250861396638783
96,sel,s72,628,28.163237693894782
96,sel,s96,628,27.00681128947056
96,sel,s120,628,28.057701087693886
96,sel,b24x48,628,28.48002443336946
96,sel,b24x72,628,27.77869884773291
96,sel,b24x96,628,27.136662447454917
96,sel,b24x120,628,27.377473302195387
96,sel,b48x72,628,28.435754826878593
96,sel,b48x96,628,27.720782471507967
96,sel,b48x120,628,28.00566367186842
96,sel,b72x96,628,27.30241857081163
96,sel,b72x120,628,27.54470667848114
96,sel,b96x120,628,27.15015441035289
96,sco,s24,407,18.48784377352587
96,sco,s48,407,19.3380277402218
96,sco,s72,407,17.44895591747385
96,sco,s96,407,19.11245542473915
96,sco,s120,407,17.543024987904023
96,sco,b24x48,407,18.827002566273254
96,sco,b24x72,407,17.8481616833442
96,sco,b24x96,407,18.420036390629576
96,sco,b24x120,407,17.758469635744376
96,sco,b48x72,407,18.269118043924163
96,sco,b48x96,407,18.811761714061653
96,sco,b48x120,407,18.070094528312328
96,sco,b72x96,407,17.994124182639126
96,sco,b72x120,407,17.17470306459254
96,sco,b96x120,407,17.80912198715615
99,sel,s24,625,28.279403294497264
99,sel,s48,625,29.938207721440808
99,sel,s72,625,28.366247926111022
99,sel,s96,625,26.71039786752371
99,sel,s120,625,27.900573113104613
99,sel,b24x48,625,28.92879423140378
99,sel,b24x72,625,27.992091306946257
99,sel,b24x96,625,27.07753976193119
99,sel,b24x120,625,27.314941794568846
99,sel,b48x72,625,28.818824511343276
99,sel,b48x96,625,27.86482701377112
99,sel,b48x120,625,28.118305328627386
99,sel,b72x96,625,27.234646606120272
99,sel,b72x120,625,27.542608136725512
99,sel,b96x120,625,26.891462142952427
99,sco,s24,407,18.91348540941944
99,sco,s48,407,19.525569775828888
99,sco,s72,407,17.9324036149974
99,sco,s96,407,19.721605942576694
99,sco,s120,407,17.42121394040172
99,sco,b24x48,407,19.139348214532546
99,sco,b24x72,407,18.276335610075854
99,sco,b24x96,407,18.95072881947862
99,sco,b24x120,407,17.850028952007087
99,sco,b48x72,407,18.572711364625317
99,sco,b48x96,407,19.219153563198706
99,sco,b48x120,407,18.098934348999414
99,sco,b72x96,407,18.569858391251397
99,sco,b72x120,407,17.298986344059937
99,sco,b96x120,407,18.030744522756873
102,sel,s24,622,28.359756689001614
102,sel,s48,622,30.454452142334226
102,sel,s72,622,28.7409658963159
102,sel,s96,622,26.511907152926195
102,sel,s120,622,28.60061039932519
102,sel,b24x48,622,29.197659475965768
102,sel,b24x72,622,28.242747230394563
102,sel,b24x96,622,27.090440288271605
102,sel,b24x120,622,27.788597590615286
102,sel,b48x72,622,29.223715469963466
102,sel,b48x96,622,27.91197163847997
102,sel,b48x120,622,28.651418405953407
102,sel,b72x96,622,27.277192817598532
102,sel,b72x120,622,28.192068636295552
102,sel,b96x120,622,27.136609977658058
102,sco,s24,407,19.02496707473871
102,sco,s48,407,19.831986519925994
102,sco,s72,407,18.63188410779169
102,sco,s96,407,20.00265061725081
102,sco,s120,407,17.484846610491452
102,sco,b24x48,407,19.332957310004677
102,sco,b24x72,407,18.599449740947833
102,sco,b24x96,407,19.078062264203453
102,sco,b24x120,407,17.940540459396257
102,sco,b48x72,407,19.039672874303733
102,sco,b48x96,407,19.521936989333494
102,sco,b48x120,407,18.319402990807486
102,sco,b72x96,407,19.073976434282315
102,sco,b72x120,407,17.65623308652991
102,sco,b96x120,407,18.18228264039428
105,sel,s24,619,28.93376535800045
105,sel,s48,619,31.446723786467636
105,sel,s72,619,29.50729312970112
105,sel,s96,619,27.309459875989482
105,sel,s120,619,28.60054369085747
105,sel,b24x48,619,29.962040397652704
105,sel,b24x72,619,28.916882628569255
105,sel,b24x96,619,27.703505178773337
105,sel,b24x120,619,28.134938442218356
105,sel,b48x72,619,30.04093773474426
105,sel,b48x96,619,28.680281235886355
105,sel,b48x120,619,29.127946843937046
105,sel,b72x96,619,27.987683665333947
105,sel,b72x120,619,28.584678040325443
105,sel,b96x120,619,27.56583103078424
105,sco,s24,407,20.571509559251
105,sco,s48,407,20.818228987427208
105,sco,s72,407,19.765618800039498
105,sco,s96,407,20.43299627403163
105,sco,s120,407,18.17125761854985
105,sco,b24x48,407,20.603248325175656
105,sco,b24x72,407,19.880028305928885
105,sco,b24x96,407,20.044787192870498
105,sco,b24x120,407,19.02273709938238
105,sco,b48x72,407,20.07040137102778
105,sco,b48x96,407,20.246268510636156
105,sco,b48x120,407,19.146163507662493
105,sco,b72x96,407,19.927057333818077
105,sco,b72x120,407,18.55293173192872
105,sco,b96x120,407,18.838200698010922
108,sel,s24,618,26.67820198303598
108,sel,s48,618,29.55267084230303
108,sel,s72,618,27.93008143506739
108,sel,s96,618,26.568722010109358
108,sel,s120,618,26.41299689161821
108,sel,b24x48,618,27.858484214568172
108,sel,b24x72,618,27.013363526617493
108,sel,b24x96,618,26.21367616393878
108,sel,b24x120,618,26.020783792344155
108,sel,b48x72,618,28.263849000142162
108,sel,b48x96,618,27.38951282526851
108,sel,b48x120,618,27.136967081146416
108,sel,b72x96,618,26.801132561622452
108,sel,b72x120,618,26.74545621566834
108,sel,b96x120,618,26.139235935367527
108,sco,s24,407,20.4092768905405
108,sco,s48,407,20.847201546432657
108,sco,s72,407,19.78645946882165
108,sco,s96,407,20.648296419345144
108,sco,s120,407,18.294953761295762
108,sco,b24x48,407,20.543221633388757
108,sco,b24x72,407,19.913168454824735
108,sco,b24x96,407,20.210836497968128
108,sco,b24x120,407,19.02524463003097
108,sco,b48x72,407,20.11723080943483
108,sco,b48x96,407,20.40360638771632
108,sco,b48x120,407,19.25323662693515
108,sco,b72x96,407,20.08567950910507
108,sco,b72x120,407,18.636879470608804
108,sco,b96x120,407,19.059182411843707
111,sel,s24,615,25.935923298907532
111,sel,s48,615,28.19548773096652
111,sel,s72,615,26.866231270223814
111,sel,s96,615,26.559385493886744
111,sel,s120,615,25.808859841199475
111,sel,b24x48,615,26.85547277844018
111,sel,b24x72,615,26.115615501486428
111,sel,b24x96,615,25.874618468668086
111,sel,b24x120,615,25.376297199904407
111,sel,b48x72,615,27.128015012077874
111,sel,b48x96,615,26.813646829698648
111,sel,b48x120,615,26.297615377689247
111,sel,b72x96,615,26.316411844405003
111,sel,b72x120,615,25.938859797274635
111,sel,b96x120,615,25.833455316095453
111,sco,s24,407,19.65430541305054
111,sco,s48,407,20.621072987113855
111,sco,s72,407,19.90679889860096
111,sco,s96,407,20.397609123502583
111,sco,s120,407,18.911838829996913
111,sco,b24x48,407,20.064878703976916
111,sco,b24x72,407,19.571267105756164
111,sco,b24x96,407,19.691857223568405
111,sco,b24x120,407,19.01572641495958
111,sco,b48x72,407,20.009788481583513
111,sco,b48x96,407,20.126112106094144
111,sco,b48x120,407,19.45301153838699
111,sco,b72x96,407,20.03251406474034
111,sco,b72x120,407,19.008156558938502
111,sco,b96x120,407,19.26462443485026
114,sel,s24,612,26.36577344254619
114,sel,s48,612,27.925161206911298
114,sel,s72,612,27.10598555140214
114,sel,s96,612,27.902381094774505
114,sel,s120,612,26.778756059355814
114,sel,b24x48,612,26.900358633382425
114,sel,b24x72,612,26.417082007239927
114,sel,b24x96,612,26.737552055101734
114,sel,b24x120,612,26.03641927960664
114,sel,b48x72,612,27.168770902042496
114,sel,b48x96,612,27.384160851673617
114,sel,b48x120,612,26.684887566569152
114,sel,b72x96,612,27.194487065101022
114,sel,b72x120,612,26.54344362219928
114,sel,b96x120,612,27.02702092643234
114,sco,s24,407,19.907312144319363
114,sco,s48,407,20.77602387040346
114,sco,s72,407,20.284684528673996
114,sco,s96,407,20.196050514093066
114,sco,s120,407,19.014280367387165
114,sco,b24x48,407,20.267988180493123
114,sco,b24x72,407,19.82039762155694
114,sco,b24x96,407,19.673946282052086
114,sco,b24x120,407,19.18608507136681
114,sco,b48x72,407,20.240781609837427
114,sco,b48x96,407,20.084285042929288
114,sco,b48x120,407,19.57462059110617
114,sco,b72x96,407,20.135896551844084
114,sco,b72x120,407,19.185594872501532
114,sco,b96x120,407,19.176222788155815
117,sel,s24,609,26.30933650366943
117,sel,s48,609,27.61191331170476
117,sel,s72,609,27.021750473062482
117,sel,s96,609,28.369676236209997
117,sel,s120,609,27.488729919929625
117,sel,b24x48,609,26.723254452997516
117,sel,b24x72,609,26.37106039753533
117,sel,b24x96,609,26.934918009635073
117,sel,b24x120,609,26.264768614999443
117,sel,b48x72,609,27.036652225571512
117,sel,b48x96,609,27.502132054562704
117,sel,b48x120,609,26.81470521507726
117,sel,b72x96,609,27.43243146361527
117,sel,b72x120,609,26.771628972425823
117,sel,b96x120,609,27.56833417895929
117,sco,s24,407,20.660332173276416
117,sco,s48,407,20.9163362376296
117,sco,s72,407,20.74987286329635
117,sco,s96,407,20.887033380980228
117,sco,s120,407,20.21876768131461
117,sco,b24x48,407,20.713189246962216
117,sco,b24x72,407,20.506105267772497
117,sco,b24x96,407,20.431157136366185
117,sco,b24x120,407,20.137981660791063
117,sco,b48x72,407,20.593110504732568
117,sco,b48x96,407,20.47757471042598
117,sco,b48x120,407,20.227043371799237
117,sco,b72x96,407,20.692511102500962
117,sco,b72x120,407,19.952341891473072
117,sco,b96x120,407,19.99342016784413
12,sel,s24,701,63.210411279378874
12,sel,s48,701,62.71461579611769
12,sel,s72,701,63.941538551727646
12,sel,s96,701,66.26600533780868
12,sel,s120,701,70.80087367142649
12,sel,b24x48,701,62.75334742636807
12,sel,b24x72,701,63.09603380859147
12,sel,b24x96,701,63.984036213828624
12,sel,b24x120,701,65.37767747012649
12,sel,b48x72,701,63.045375395471766
12,sel,b48x96,701,63.831083981528145
12,sel,b48x120,701,65.3590789969263
12,sel,b72x96,701,64.66489383967028
12,sel,b72x120,701,66.44244455489729
12,sel,b96x120,701,67.844533719096
12,sco,s24,400,40.6598754887987
12,sco,s48,400,42.29356265363512
12,sco,s72,400,41.19697806954165
12,sco,s96,400,41.2312467062285
12,sco,s120,400,42.08176358832655
12,sco,b24x48,400,41.091374011974025
12,sco,b24x72,400,40.4013342621336
12,sco,b24x96,400,40.23479781133992
12,sco,b24x120,400,40.31637322580106
12,sco,b48x72,400,41.55036877945882
12,sco,b48x96,400,41.285630986619225
12,sco,b48x120,400,41.76999682277294
12,sco,b72x96,400,40.86492938713049
12,sco,b72x120,400,41.30379853117527
12,sco,b96x120,400,41.17836707093223
15,sel,s24,698,64.62083842671166
15,sel,s48,698,63.55077795588527
15,sel,s72,698,64.84137089701488
15,sel,s96,698,67.80509798146815
15,sel,s120,698,70.80546811727157
15,sel,b24x48,698,63.860096851921284
15,sel,b24x72,698,64.24145113504255
15,sel,b24x96,698,65.48273937738423
15,sel,b24x120,698,65.9736016928313
15,sel,b48x72,698,63.89839544444717
15,sel,b48x96,698,64.9834096002341
15,sel,b48x120,698,65.59778707438628
15,sel,b72x96,698,65.90590281825595
15,sel,b72x120,698,66.85529366283163
15,sel,b96x120,698,68.52917783588892
15,sco,s24,400,39.75649126816121
15,sco,s48,400,41.998210291311246
15,sco,s72,400,40.65227254672269
15,sco,s96,400,40.82396842348014
15,sco,s120,400,42.316554341435996
15,sco,b24x48,400,40.52107855391691
15,sco,b24x72,400,39.73060968556139
15,sco,b24x96,400,39.589815064313555
15,sco,b24x120,400,40.03592936929671
15,sco,b48x72,400,41.144305841962094
15,sco,b48x96,400,40.98455616114019
15,sco,b48x120,400,41.759180901835194
15,sco,b72x96,400,40.416579631191205
15,sco,b72x120,400,41.13391119641389
15,sco,b96x120,400,41.1636935459569
18,sel,s24,695,65.76826628367465
18,sel,s48,695,63.621165544056275
18,sel,s72,695,65.04941602155843
18,sel,s96,695,69.74401229554286
18,sel,s120,695,71.21353889678663
18,sel,b24x48,695,64.50165665970003
18,sel,b24x72,695,64.95361113955634
18,sel,b24x96,695,66.92084801932884
18,sel,b24x120,695,66.68575196651314
18,sel,b48x72,695,64.04420215231677
18,sel,b48x96,695,65.88540892472668
18,sel,b48x120,695,65.70639484164577
18,sel,b72x96,695,66.93460400353929
18,sel,b72x120,695,67.11869956047539
18,sel,b96x120,695,69.78157127201978
18,sco,s24,400,40.34398601393947
18,sco,s48,400,43.50018496805877
18,sco,s72,400,42.17115680408885
18,sco,s96,400,41.29045283950975
18,sco,s120,400,43.426474346192194
18,sco,b24x48,400,41.55051500026116
18,sco,b24x72,400,40.77628538419653
18,sco,b24x96,400,40.161955659903924
18,sco,b24x120,400,40.96516818278781
18,sco,b48x72,400,42.64553455707319
18,sco,b48x96,400,42.03943906085409
18,sco,b48x120,400,43.09024855439556
18,sco,b72x96,400,41.44577018450221
18,sco,b72x120,400,42.45233475311466
18,sco,b96x120,400,42.027079400660256
21,sel,s24,692,67.29407722777711
21,sel,s48,692,64.56956074194566
21,sel,s72,692,65.17603812335688
21,sel,s96,692,68.42700402196488
21,sel,s120,692,71.42206390129952
21,sel,b24x48,692,65.71322488883067
21,sel,b24x72,692,65.66000958331787
21,sel,b24x96,692,66.81725908389684
21,sel,b24x120,692,67.32192912200124
21,sel,b48x72,692,64.56068527682575
21,sel,b48x96,692,65.68158542086732
21,sel,b48x120,692,66.279349589228
21,sel,b72x96,692,66.35944306753173
21,sel,b72x120,692,67.31024056773181
21,sel,b96x120,692,69.29125128337952
21,sco,s24,400,41.484996271641336
21,sco,s48,400,44.46331531198541
21,sco,s72,400,43.67232254777179
21,sco,s96,400,42.506044150640406
21,sco,s120,400,44.03071576423428
21,sco,b24x48,400,42.62813819107938
21,sco,b24x72,400,42.13171999484537
21,sco,b24x96,400,41.38705962638011
21,sco,b24x120,400,41.9540748853861
21,sco,b48x72,400,43.85485917092351
21,sco,b48x96,400,43.13930516077811
21,sco,b48x120,400,43.86127726948688
21,sco,b72x96,400,42.80032160130546
21,sco,b72x120,400,43.52365247597521
21,sco,b96x120,400,42.94587564664177
24,sel,s24,689,66.77551424718652
24,sel,s48,689,64.08057545019437
24,sel,s72,689,65.43043396175753
24,sel,s96,689,68.40263243207195
24,sel,s120,689,71.22710960624065
24,sel,b24x48,689,65.19203492564426
24,sel,b24x72,689,65.52796668519981
24,sel,b24x96,689,66.63096294052113
24,sel,b24x120,689,67.09804755147144
24,sel,b48x72,689,64.41689396296952
24,sel,b48x96,689,65.48967129434442
24,sel,b48x120,689,66.07658733111982
24,sel,b72x96,689,66.49004402381476
24,sel,b72x120,689,67.44828283648917
24,sel,b96x120,689,69.11651842692466
24,sco,s24,400,41.67568804926064
24,sco,s48,400,44.59610395893378
24,sco,s72,400,43.48691374943128
24,sco,s96,400,43.02332242512617
24,sco,s120,400,43.583095012720754
24,sco,b24x48,400,42.82665099146748
24,sco,b24x72,400,42.16598960856493
24,sco,b24x96,400,41.72823536583435
24,sco,b24x120,400,41.87915220652715
24,sco,b48x72,400,43.798860643544614
24,sco,b48x96,400,43.40210800353026
24,sco,b48x120,400,43.65757388544786
24,sco,b72x96,400,42.976819651174836
24,sco,b72x120,400,43.20538330612535
24,sco,b96x120,400,42.99406767612396
27,sel,s24,686,66.44896433376346
27,sel,s48,686,64.98252421070495
27,sel,s72,686,65.87920986414167
27,sel,s96,686,69.32138854317105
27,sel,s120,686,71.74632035203499
27,sel,b24x48,686,65.49108115141105
27,sel,b24x72,686,65.61445851512582
27,sel,b24x96,686,66.91860539785836
27,sel,b24x120,686,67.44996624098333
27,sel,b48x72,686,65.08784884259096
27,sel,b48x96,686,66.38328899623257
27,sel,b48x120,686,66.99356071652217
27,sel,b72x96,686,67.14983836475446
27,sel,b72x120,686,68.01670859405414
27,sel,b96x120,686,69.86911733046323
27,sco,s24,400,40.807977366768085
27,sco,s48,400,44.35385510646093
27,sco,s72,400,43.19573578709226
27,sco,s96,400,43.202431131249014
27,sco,s120,400,43.98633848077051
27,sco,b24x48,400,42.27444027190364
27,sco,b24x72,400,41.6159286853646
27,sco,b24x96,400,41.31664123638958
27,sco,b24x120,400,41.64396678789633
27,sco,b48x72,400,43.53717550612842
27,sco,b48x96,400,43.29323786295001
27,sco,b48x120,400,43.73647496242272
27,sco,b72x96,400,42.91067044054375
27,sco,b72x120,400,43.285198911430356
27,sco,b96x120,400,43.289834218272986
30,sel,s24,683,67.86728761221363
30,sel,s48,683,65.49997082648616
30,sel,s72,683,67.9199057600825
30,sel,s96,683,69.70231308468098
30,sel,s120,683,73.53587611141704
30,sel,b24x48,683,66.44219103653316
30,sel,b24x72,683,67.36120555735528
30,sel,b24x96,683,67.79052522978985
30,sel,b24x120,683,69.06705285552377
30,sel,b48x72,683,66.39963073809963
30,sel,b48x96,683,66.87112769449544
30,sel,b48x120,683,68.1999727711731
30,sel,b72x96,683,68.32418396893387
30,sel,b72x120,683,69.93399131080326
30,sel,b96x120,683,70.94068678912241
30,sco,s24,400,41.02468074640446
30,sco,s48,400,44.59150164686865
30,sco,s72,400,42.952740003119985
30,sco,s96,400,43.5313002730516
30,sco,s120,400,44.38183077857754
30,sco,b24x48,400,42.471873759052116
30,sco,b24x72,400,41.58469873950221
30,sco,b24x96,400,41.55828944765358
30,sco,b24x120,400,41.91185628660276
30,sco,b48x72,400,43.51044375749267
30,sco,b48x96,400,43.49269332195479
30,sco,b48x120,400,44.03276337918699
30,sco,b72x96,400,42.94715570056259
30,sco,b72x120,400,43.38748510375678
30,sco,b96x120,400,43.664538803896534
33,sel,s24,680,68.3359935449649
33,sel,s48,680,65.1095457323945
33,sel,s72,680,68.59139542801088
33,sel,s96,680,68.34527218398331
33,sel,s120,680,74.1413408447153
33,sel,b24x48,680,66.47043968875239
33,sel,b24x72,680,67.90535718273266
33,sel,b24x96,680,67.3369631546373
33,sel,b24x120,680,69.4777315551209
33,sel,b48x72,680,66.52841663899265
33,sel,b48x96,680,65.97313150709986
33,sel,b48x120,680,68.18447543156418
33,sel,b72x96,680,67.94602257843616
33,sel,b72x120,680,70.44484476148494
33,sel,b96x120,680,70.5138262828573
33,sco,s24,400,41.7847071508815
33,sco,s48,400,45.66093695207418
33,sco,s72,400,43.59852286212674
33,sco,s96,400,44.02287183240614
33,sco,s120,400,44.47454131397676
33,sco,b24x48,400,43.390691246152464
33,sco,b24x72,400,42.2731898510754
33,sco,b24x96,400,42.19889799898735
33,sco,b24x120,400,42.34077379051233
33,sco,b48x72,400,44.36924730492022
33,sco,b48x96,400,44.20111948957235
33,sco,b48x120,400,44.57818649712427
33,sco,b72x96,400,43.44565198732154
33,sco,b72x120,400,43.710471936177655
33,sco,b96x120,400,43.93866494323359
36,sel,s24,677,70.27103986260956
36,sel,s48,677,66.18970253039558
36,sel,s72,677,69.15892171836178
36,sel,s96,677,68.74069418639431
36,sel,s120,677,75.35043422859962
36,sel,b24x48,677,67.93515248258748
36,sel,b24x72,677,69.10732982702478
36,sel,b24x96,677,68.66528888613551
36,sel,b24x120,677,71.0335803281522
36,sel,b48x72,677,67.33725524621869
36,sel,b48x96,677,66.7921126239175
36,sel,b48x120,677,69.26610974299987
36,sel,b72x96,677,68.48032272579559
36,sel,b72x120,677,71.33374861548712
36,sel,b96x120,677,71.2297431006399
36,sco,s24,400,42.1073590128788
36,sco,s48,400,45.88143387908223
36,sco,s72,400,43.55668095941556
36,sco,s96,400,44.07557199024906
36,sco,s120,400,43.27085639292781
36,sco,b24x48,400,43.65621970985524
36,sco,b24x72,400,42.42640096412674
36,sco,b24x96,400,42.386193965754856
36,sco,b24x120,400,41.92257833666061
36,sco,b48x72,400,44.46694572835008
36,sco,b48x96,400,44.25682545871909
36,sco,b48x120,400,44.08396954177002
36,sco,b72x96,400,43.39301291692334
36,sco,b72x120,400,43.07237569239457
36,sco,b96x120,400,43.311455957769496
39,sel,s24,674,68.21380306789167
39,sel,s48,674,64.33647263886408
39,sel,s72,674,67.1669226414306
39,sel,s96,674,69.15048513603502
39,sel,s120,674,73.61236379148944
39,sel,b24x48,674,65.96296302714141
39,sel,b24x72,674,67.07071317677483
39,sel,b24x96,674,67.92344818258684
39,sel,b24x120,674,69.07558251940638
39,sel,b48x72,674,65.37364215885334
39,sel,b48x96,674,66.08793104882109
39,sel,b48x120,674,67.40020775821688
39,sel,b72x96,674,67.73898351156413
39,sel,b72x120,674,69.52642555495422
39,sel,b96x120,674,70.55410608680799
39,sco,s24,400,42.27909946982368
39,sco,s48,400,46.04137410683016
39,sco,s72,400,43.265202100123986
39,sco,s96,400,44.33512772143362
39,sco,s120,400,43.529863044130536
39,sco,b24x48,400,43.829748284809035
39,sco,b24x72,400,42.42719018374822
39,sco,b24x96,400,42.62599384066978
39,sco,b24x120,400,42.15854217536638
39,sco,b48x72,400,44.43258038636324
39,sco,b48x96,400,44.458375879146686
39,sco,b48x120,400,44.32183839176718
39,sco,b72x96,400,43.36624430622131
39,sco,b72x120,400,43.077291334150175
39,sco,b96x120,400,43.518188507371065
42,sel,s24,671,66.45476418970851
42,sel,s48,671,62.64020956983928
42,sel,s72,671,65.22831015950035
42,sel,s96,671,68.72768451766473
42,sel,s120,671,71.8834673492189
42,sel,b24x48,671,64.30227496821969
42,sel,b24x72,671,65.28942527347195
42,sel,b24x96,671,66.69445376003151
42,sel,b24x120,671,67.25980194657218
42,sel,b48x72,671,63.525855150971914
42,sel,b48x96,671,64.89343044092341
42,sel,b48x120,671,65.49662414134866
42,sel,b72x96,671,66.55308841126457
42,sel,b72x120,671,67.62880298626618
42,sel,b96x120,671,69.48332907949046
42,sco,s24,400,43.99186065476074
42,sco,s48,400,47.13166160750352
42,sco,s72,400,44.26851009795081
42,sco,s96,400,44.86296400164459
42,sco,s120,400,45.15956770276704
42,sco,b24x48,400,45.23636591140091
42,sco,b24x72,400,43.80108859528504
42,sco,b24x96,400,43.812240426604696
42,sco,b24x120,400,43.79695602099884
42,sco,b48x72,400,45.52245435423925
42,sco,b48x96,400,45.35030993644223
42,sco,b48x120,400,45.698733811478654
42,sco,b72x96,400,44.14598532747097
42,sco,b72x120,400,44.391047360724286
42,sco,b96x120,400,44.554409155595785
45,sel,s24,668,67.25520146201133
45,sel,s48,668,63.93295081567571
45,sel,s72,668,65.35689511322863
45,sel,s96,668,68.96267900072449
45,sel,s120,668,72.22413653598142
45,sel,b24x48,668,65.37601668592912
45,sel,b24x72,668,65.71504856285478
45,sel,b24x96,668,67.14464006434741
45,sel,b24x120,668,67.90973539692317
45,sel,b48x72,668,64.22975531981567
45,sel,b48x96,668,65.56007787549348
45,sel,b48x120,668,66.42494275935012
45,sel,b72x96,668,66.60925452436838
45,sel,b72x120,668,67.84346089101034
45,sel,b96x120,668,69.84201820005347
45,sco,s24,400,45.08173127485419
45,sco,s48,400,48.35336229979087
45,sco,s72,400,45.47887629588105
45,sco,s96,400,45.55781895691959
45,sco,s120,400,45.79118990316275
45,sco,b24x48,400,46.37330716724913
45,sco,b24x72,400,44.92321073367366
45,sco,b24x96,400,44.78862054767886
45,sco,b24x120,400,44.65950875458739
45,sco,b48x72,400,46.757252144230506
45,sco,b48x96,400,46.444214001080496
45,sco,b48x120,400,46.66619836900412
45,sco,b72x96,400,45.146594618214635
45,sco,b72x120,400,45.33245662635432
45,sco,b96x120,400,45.29197125577984
48,sel,s24,665,66.08564397751707
48,sel,s48,665,63.488919599494466
48,sel,s72,665,64.96365200268716
48,sel,s96,665,68.83083107659319
48,sel,s120,665,72.34507436003949
48,sel,b24x48,665,64.51915351696769
48,sel,b24x72,665,64.93770857375092
48,sel,b24x96,665,66.5122808562463
48,sel,b24x120,665,67.6716506416519
48,sel,b48x72,665,63.836943100394095
48,sel,b48x96,665,65.24764168703098
48,sel,b48x120,665,66.51301618628243
48,sel,b72x96,665,66.25305309855682
48,sel,b72x120,665,67.71857735081888
48,sel,b96x120,665,69.92007097632724
48,sco,s24,400,44.99856170349405
48,sco,s48,400,48.80102619900304
48,sco,s72,400,46.13102887329574
48,sco,s96,400,45.505124485853635
48,sco,s120,400,46.22932025763022
48,sco,b24x48,400,46.57800927484628
48,sco,b24x72,400,45.18133353211424
48,sco,b24x96,400,44.78144234064398
48,sco,b24x120,400,44.721728162459655
48,sco,b48x72,400,47.31143106644816
48,sco,b48x96,400,46.74157102862658
48,sco,b48x120,400,47.056949156471475
48,sco,b72x96,400,45.48130590512588
48,sco,b72x120,400,45.845951209665586
48,sco,b96x120,400,45.50310441796596
51,sel,s24,662,66.24410897290846
51,sel,s48,662,63.52082108633442
51,sel,s72,662,65.09448339154898
51,sel,s96,662,68.75054194057915
51,sel,s120,662,73.39444252938182
51,sel,b24x48,662,64.5677046211874
51,sel,b24x72,662,65.19772614181989
51,sel,b24x96,662,66.61777891593937
51,sel,b24x120,662,68.35399932948889
51,sel,b48x72,662,63.92743953205208
51,sel,b48x96,662,65.2629703484751
51,sel,b48x120,662,66.94622693090925
51,sel,b72x96,662,66.33974271509042
51,sel,b72x120,662,68.34224579706034
51,sel,b96x120,662,70.47601160147374
51,sco,s24,400,44.30131262143851
51,sco,s48,400,48.03892757908568
51,sco,s72,400,46.48597249190489
51,sco,s96,400,44.13833148437762
51,sco,s120,400,46.44888829924336
51,sco,b24x48,400,45.880188754383546
51,sco,b24x72,400,45.01676974934587
51,sco,b24x96,400,43.77925565512925
51,sco,b24x120,400,44.44787836742435
51,sco,b48x72,400,47.125013726383216
51,sco,b48x96,400,45.67279759159032
51,sco,b48x120,400,46.74873061456814
51,sco,b72x96,400,44.98854986546445
51,sco,b72x120,400,46.10532688198989
51,sco,b96x120,400,44.87656663834407
54,sel,s24,659,68.51944181978371
54,sel,s48,659,66.38594827393017
54,sel,s72,659,67.19503928439815
54,sel,s96,659,69.30430030957295
54,sel,s120,659,75.33440303626293
54,sel,b24x48,659,67.0977855713023
54,sel,b24x72,659,67.40133782882017
54,sel,b24x96,659,67.96966518253805
54,sel,b24x120,659,70.1576494341128
54,sel,b48x72,659,66.35958875766518
54,sel,b48x96,659,66.97700821516567
54,sel,b48x120,659,69.07631112167827
54,sel,b72x96,659,67.72869179083119
54,sel,b72x120,659,70.23539739221454
54,sel,b96x120,659,71.74060052614071
54,sco,s24,400,43.51330376105699
54,sco,s48,400,47.183509835753384
54,sco,s72,400,46.101336918885835
54,sco,s96,400,43.542169233150844
54,sco,s120,400,46.29138374532391
54,sco,b24x48,400,45.11004002081434
54,sco,b24x72,400,44.46357991334065
54,sco,b24x96,400,43.04735188555705
54,sco,b24x120,400,43.99861973544529
54,sco,b48x72,400,46.50216916982359
54,sco,b48x96,400,44.93941106910353
54,sco,b48x120,400,46.23978311151201
54,sco,b72x96,400,44.49216730436476
54,sco,b72x120,400,45.82323222937198
54,sco,b96x120,400,44.51231452684506
57,sel,s24,656,69.03541399678232
57,sel,s48,656,66.23845894432102
57,sel,s72,656,68.178721242733
57,sel,s96,656,70.12183635752432
57,sel,s120,656,76.20347070307601
57,sel,b24x48,656,67.25844365090283
57,sel,b24x72,656,68.08166126671479
57,sel,b24x96,656,68.5866642992666
57,sel,b24x120,656,70.65106419319343
57,sel,b48x72,656,66.72634916725102
57,sel,b48x96,656,67.30405955933512
57,sel,b48x120,656,69.36199354218051
57,sel,b72x96,656,68.66576797605396
57,sel,b72x120,656,71.15456880011737
57,sel,b96x120,656,72.53948814992899
57,sco,s24,400,44.715345693196944
57,sco,s48,400,48.15141553902163
57,sco,s72,400,46.56070760917309
57,sco,s96,400,45.35702603392167
57,sco,s120,400,47.1946727885053
57,sco,b24x48,400,46.212416395925445
57,sco,b24x72,400,45.31216141960722
57,sco,b24x96,400,44.54237809039054
57,sco,b24x120,400,45.08919784122827
57,sco,b48x72,400,47.18390203163226
57,sco,b48x96,400,46.34315604529636
57,sco,b48x120,400,47.178629571292376
57,sco,b72x96,400,45.58133551671891
57,sco,b72x120,400,46.43693374574709
57,sco,b96x120,400,45.92657475930997
60,sel,s24,653,66.9824648274349
60,sel,s48,653,65.14626944231767
60,sel,s72,653,68.05832815426453
60,sel,s96,653,71.14584650670687
60,sel,s120,653,76.34550913930873
60,sel,b24x48,653,65.74099972795352
60,sel,b24x72,653,67.01760346433645
60,sel,b24x96,653,68.08172051795857
60,sel,b24x120,653,69.88808273875793
60,sel,b48x72,653,66.09874117530151
60,sel,b48x96,653,67.14472796177829
60,sel,b48x120,653,68.94383486750459
60,sel,b72x96,653,69.02935689620678
60,sel,b72x120,653,71.20645869727792
60,sel,b96x120,653,73.17124464379715
60,sco,s24,400,46.21087016298253
60,sco,s48,400,49.25830982042546
60,sco,s72,400,47.875958122116785
60,sco,s96,400,45.63654463159029
60,sco,s120,400,48.051186267231486
60,sco,b24x48,400,47.51203638434603
60,sco,b24x72,400,46.68758533786495
60,sco,b24x96,400,45.465546159068396
60,sco,b24x120,400,46.2822212615985
60,sco,b48x72,400,48.369184340939526
60,sco,b48x96,400,47.045612748873175
60,sco,b48x120,400,48.14302874944105
60,sco,b72x96,400,46.454132013520635
60,sco,b72x120,400,47.48649144359007
60,sco,b96x120,400,46.4642829227556
63,sel,s24,650,68.04879701474
63,sel,s48,650,65.37490600374147
63,sel,s72,650,68.33996881067083
63,sel,s96,650,71.77456934949095
63,sel,s120,650,76.21745565143505
63,sel,b24x48,650,66.4115618945744
63,sel,b24x72,650,67.66792623376965
63,sel,b24x96,650,68.82313361211884
63,sel,b24x120,650,70.34565156022302
63,sel,b48x72,650,66.34867638147148
63,sel,b48x96,650,67.49698426275624
63,sel,b48x120,650,69.00756135282711
63,sel,b72x96,650,69.51686278841217
63,sel,b72x120,650,71.35699255445712
63,sel,b96x120,650,73.46410806919549
63,sco,s24,400,45.16340807656999
63,sco,s48,400,48.629093826625336
63,sco,s72,400,47.561445499971185
63,sco,s96,400,44.74674188322535
63,sco,s120,400,47.27627380462582
63,sco,b24x48,400,46.68613354121622
63,sco,b24x72,400,46.019887793915025
63,sco,b24x96,400,44.54083929108751
63,sco,b24x120,400,45.38760117575974
63,sco,b48x72,400,47.91280965513117
63,sco,b48x96,400,46.26642345237417
63,sco,b48x120,400,47.41279915570723
63,sco,b72x96,400,45.89199844517735
63,sco,b72x120,400,46.96079600055603
63,sco,b96x120,400,45.57730677977193
66,sel,s24,647,69.0372599289421
66,sel,s48,647,65.88001717027853
66,sel,s72,647,70.78330299733551
66,sel,s96,647,72.4801082409145
66,sel,s120,647,75.95996120693115
66,sel,b24x48,647,67.1059309038845
66,sel,b24x72,647,69.35500593122532
66,sel,b24x96,647,69.56274628553128
66,sel,b24x120,647,70.74877805884974
66,sel,b48x72,647,67.78082313426017
66,sel,b48x96,647,67.90727734854227
66,sel,b48x120,647,69.1530938367462
66,sel,b72x96,647,71.11690636213825
66,sel,b72x120,647,72.58291892156679
66,sel,b96x120,647,73.73399605819472
66,sco,s24,400,45.34873849240023
66,sco,s48,400,48.34937487111614
66,sco,s72,400,47.06934740152766
66,sco,s96,400,45.897778679631
66,sco,s120,400,46.73489084413714
66,sco,b24x48,400,46.6492251368724
66,sco,b24x72,400,45.873980421982836
66,sco,b24x96,400,45.133967531991246
66,sco,b24x120,400,45.163916107603534
66,sco,b48x72,400,47.55779746117154
66,sco,b48x96,400,46.66769727676727
66,sco,b48x120,400,46.96751221199192
66,sco,b72x96,400,46.175561747006036
66,sco,b72x120,400,46.4798060750977
66,sco,b96x120,400,45.874236224940006
69,sel,s24,644,68.2230666689342
69,sel,s48,644,64.93727713454986
69,sel,s72,644,69.20726227192651
69,sel,s96,644,71.93092431350772
69,sel,s120,644,74.86697314934861
69,sel,b24x48,644,66.21631837335434
69,sel,b24x72,644,68.20537224681614
69,sel,b24x96,644,68.99449470124625
69,sel,b24x120,644,70.08377291015246
69,sel,b48x72,644,66.51236030198831
69,sel,b48x96,644,67.04368026191392
69,sel,b48x120,644,68.21449819496705
69,sel,b72x96,644,70.01789715207185
69,sel,b72x120,644,71.40587037372875
69,sel,b96x120,644,72.94256100001616
69,sco,s24,400,47.026429154125616
69,sco,s48,400,48.95780341320509
69,sco,s72,400,47.00748566721306
69,sco,s96,400,46.64082164788146
69,sco,s120,400,47.36868423187989
69,sco,b24x48,400,47.83429617515028
69,sco,b24x72,400,46.722452249216474
69,sco,b24x96,400,46.37776954673019
69,sco,b24x120,400,46.33433306554599
69,sco,b48x72,400,47.8210723448015
69,sco,b48x96,400,47.36275053503347
69,sco,b48x120,400,47.55307243134746
69,sco,b72x96,400,46.500596406652406
69,sco,b72x120,400,46.74602840078897
69,sco,b96x120,400,46.56209501027883
72,sel,s24,641,68.79519216837915
72,sel,s48,641,66.28934014058672
72,sel,s72,641,69.69560978635937
72,sel,s96,641,71.94359391218269
72,sel,s120,641,74.59162841836654
72,sel,b24x48,641,67.15783609702834
72,sel,b24x72,641,68.7239051761484
72,sel,b24x96,641,69.3931295584804
72,sel,b24x120,641,70.32381279845112
72,sel,b48x72,641,67.45398669056948
72,sel,b48x96,641,67.8858372352539
72,sel,b48x120,641,68.8195803405753
72,sel,b72x96,641,70.37396407867466
72,sel,b72x120,641,71.60079931094742
72,sel,b96x120,641,72.80820588372288
72,sco,s24,400,46.77507165712149
72,sco,s48,400,48.6406152794652
72,sco,s72,400,47.624047195087655
72,sco,s96,400,46.47118661105713
72,sco,s120,400,47.832328131092225
72,sco,b24x48,400,47.552576051727755
72,sco,b24x72,400,46.873192358159784
72,sco,b24x96,400,46.186726135816315
72,sco,b24x120,400,46.47814026577057
72,sco,b48x72,400,47.9391393315006
72,sco,b48x96,400,47.13058122385123
72,sco,b48x120,400,47.6400016822612
72,sco,b72x96,400,46.74465922977038
72,sco,b72x120,400,47.332417406561575
72,sco,b96x120,400,46.71741802283343
75,sel,s24,638,70.06656631887132
75,sel,s48,638,66.31550980701805
75,sel,s72,638,69.44869304946184
75,sel,s96,638,72.41330379085744
75,sel,s120,638,73.82638142262533
75,sel,b24x48,638,67.82543938376085
75,sel,b24x72,638,69.27158065648577
75,sel,b24x96,638,70.2527729304822
75,sel,b24x120,638,70.46527680506165
75,sel,b48x72,638,67.44339184242513
75,sel,b48x96,638,68.29196172046937
75,sel,b48x120,638,68.47366175637438
75,sel,b72x96,638,70.48348064549629
75,sel,b72x120,638,70.96524826313396
75,sel,b96x120,638,72.65534385736485
75,sco,s24,400,46.40284897090828
75,sco,s48,400,48.04540007010739
75,sco,s72,400,46.74586572014862
75,sco,s96,400,46.027963454228015
75,sco,s120,400,46.426755295080454
75,sco,b24x48,400,47.06211092960949
75,sco,b24x72,400,46.22798637787227
75,sco,b24x96,400,45.73087158684067
75,sco,b24x120,400,45.65887939994029
75,sco,b48x72,400,47.195747573486294
75,sco,b48x96,400,46.61073814516823
75,sco,b48x120,400,46.712556008647354
75,sco,b72x96,400,46.1005511269105
75,sco,b72x120,400,46.23801762126347
75,sco,b96x120,400,45.793838006239625
78,sel,s24,635,72.02165952053441
78,sel,s48,635,68.23065852307168
78,sel,s72,635,70.71099795532882
78,sel,s96,635,72.56994471683807
78,sel,s120,635,74.7878515812859
78,sel,b24x48,635,69.72046790063027
78,sel,b24x72,635,70.83610136707784
78,sel,b24x96,635,71.34284683537336
78,sel,b24x120,635,71.83905315492282
78,sel,b48x72,635,69.07307218038977
78,sel,b48x96,635,69.46900724318392
78,sel,b48x120,635,69.93038075671404
78,sel,b72x96,635,71.25312778677096
78,sel,b72x120,635,72.02413371922505
78,sel,b96x120,635,73.26345788050978
78,sco,s24,400,48.15117471405847
78,sco,s48,400,49.01920405877091
78,sco,s72,400,47.2117429421849
78,sco,s96,400,47.329081022345505
78,sco,s120,400,47.21023471810262
78,sco,b24x48,400,48.42190088976537
78,sco,b24x72,400,47.37190693478192
78,sco,b24x96,400,47.24322792006516
78,sco,b24x120,400,46.9750929729778
78,sco,b48x72,400,47.93410758237604
78,sco,b48x96,400,47.76986311790532
78,sco,b48x120,400,47.633242914335
78,sco,b72x96,400,46.971435490485945
78,sco,b72x120,400,46.87556866258383
78,sco,b96x120,400,46.85655294565876
81,sel,s24,632,72.70363481448248
81,sel,s48,632,68.68973147861082
81,sel,s72,632,71.2991882313308
81,sel,s96,632,72.51809511092353
81,sel,s120,632,75.87362753598195
81,sel,b24x48,632,70.2929764927205
81,sel,b24x72,632,71.37289724164913
81,sel,b24x96,632,71.63296188855085
81,sel,b24x120,632,72.71327816749289
81,sel,b48x72,632,69.58907057060219
81,sel,b48x96,632,69.67517282437167
81,sel,b48x120,632,70.81752079233753
81,sel,b72x96,632,71.52370464728243
81,sel,b72x120,632,72.88252444356023
81,sel,b96x120,632,73.74920588172351
81,sco,s24,400,49.388942078907576
81,sco,s48,400,50.98133940736166
81,sco,s72,400,48.46984350503055
81,sco,s96,400,49.08586035697081
81,sco,s120,400,48.83636301851679
81,sco,b24x48,400,50.00609441813343
81,sco,b24x72,400,48.65963999278125
81,sco,b24x96,400,48.79065292781796
81,sco,b24x120,400,48.48768409402013
81,sco,b48x72,400,49.55568480440057
81,sco,b48x96,400,49.63817464400467
81,sco,b48x120,400,49.4739804442024
81,sco,b72x96,400,48.43539486361989
81,sco,b72x120,400,48.345137637481045
81,sco,b96x120,400,48.55928466430208
84,sel,s24,629,73.96941288450293
84,sel,s48,629,70.66718435687403
84,sel,s72,629,72.7245761963338
84,sel,s96,629,71.82175377106559
84,sel,s120,629,76.76502702257451
84,sel,b24x48,629,71.90302865954607
84,sel,b24x72,629,72.79540612291193
84,sel,b24x96,629,71.9595803633436
84,sel,b24x120,629,74.03457075109482
84,sel,b48x72,629,71.27617034856914
84,sel,b48x96,629,70.33321799899782
84,sel,b48x120,629,72.45438663741868
84,sel,b72x96,629,71.85489921863066
84,sel,b72x120,629,74.11286335272106
84,sel,b96x120,629,73.83559025372003
84,sco,s24,400,50.71533019512654
84,sco,s48,400,51.796566290722744
84,sco,s72,400,49.3624433587287
84,sco,s96,400,49.578212580256874
84,sco,s120,400,50.41751510826376
84,sco,b24x48,400,51.08680114909531
84,sco,b24x72,400,49.783079771129366
84,sco,b24x96,400,49.720773398958855
84,sco,b24x120,400,49.97203979883808
84,sco,b48x72,400,50.41875536135522
84,sco,b48x96,400,50.33693228744043
84,sco,b48x120,400,50.6950056747351
84,sco,b72x96,400,49.104531291439486
84,sco,b72x120,400,49.56423224338771
84,sco,b96x120,400,49.62765753784356
87,sel,s24,626,75.70893862989978
87,sel,s48,626,71.0710649307087
87,sel,s72,626,74.83481445685555
87,sel,s96,626,74.13818669823809
87,sel,s120,626,78.09568139049411
87,sel,b24x48,626,72.94550850709956
87,sel,b24x72,626,74.71431746559406
87,sel,b24x96,626,73.96389483994064
87,sel,b24x120,626,75.51497300888028
87,sel,b48x72,626,72.4955193830594
87,sel,b48x96,626,71.68304756042588
87,sel,b48x120,626,73.28256805489919
87,sel,b72x96,626,74.04793259360162
87,sel,b72x120,626,75.83380010883717
87,sel,b96x120,626,75.6626052786195
87,sco,s24,400,53.169027245548406
87,sco,s48,400,53.8042625952336
87,sco,s72,400,50.838046871159065
87,sco,s96,400,51.008803701088844
87,sco,s120,400,52.48353837405105
87,sco,b24x48,400,53.323219905185766
87,sco,b24x72,400,51.701662349939774
87,sco,b24x96,400,51.66156546437455
87,sco,b24x120,400,52.24967847100073
87,sco,b48x72,400,52.1611218619004
87,sco,b48x96,400,52.08184772427524
87,sco,b48x120,400,52.76319590874809
87,sco,b72x96,400,50.57796430616289
87,sco,b72x120,400,51.33864909283459
87,sco,b96x120,400,51.40767476543076
90,sel,s24,623,75.64205282625764
90,sel,s48,623,69.55535296749514
90,sel,s72,623,74.08974969075445
90,sel,s96,623,75.38070720564698
90,sel,s120,623,78.42191566937294
90,sel,b24x48,623,72.11285168997772
90,sel,b24x72,623,74.32922340973246
90,sel,b24x96,623,74.58502826446076
90,sel,b24x120,623,75.74404704201021
90,sel,b48x72,623,71.31370640396057
90,sel,b48x96,623,71.42795581675979
90,sel,b48x120,623,72.55240919044866
90,sel,b72x96,623,74.2976961806225
90,sel,b72x120,623,75.64100165347371
90,sel,b96x120,623,76.3731993586044
90,sco,s24,400,53.01234290385437
90,sco,s48,400,54.86571928205194
90,sco,s72,400,50.942247480293815
90,sco,s96,400,51.09473253163681
90,sco,s120,400,53.02259126672297
90,sco,b24x48,400,53.759158484106855
90,sco,b24x72,400,51.64937106602272
90,sco,b24x96,400,51.63360505508957
90,sco,b24x120,400,52.412419008022894
90,sco,b48x72,400,52.73036464143776
90,sco,b48x96,400,52.65282998938902
90,sco,b48x120,400,53.521819079339224
90,sco,b72x96,400,50.71321234138715
90,sco,b72x120,400,51.64353007132779
90,sco,b96x120,400,51.640292155478775
93,sel,s24,620,77.15224367202913
93,sel,s48,620,71.60755529186476
93,sel,s72,620,73.65248229790348
93,sel,s96,620,75.28021019208464
93,sel,s120,620,78.05460994827281
93,sel,b24x48,620,73.94693592603744
93,sel,b24x72,620,74.85318996501833
93,sel,b24x96,620,75.38688326729616
93,sel,b24x120,620,76.4553300545819
93,sel,b48x72,620,72.073469911872
93,sel,b48x96,620,72.32217789968902
93,sel,b48x120,620,73.33440690711858
93,sel,b72x96,620,74.00726192015907
93,sel,b72x120,620,75.24059434570732
93,sel,b96x120,620,76.0489821886585
93,sco,s24,400,51.71476862794921
93,sco,s48,400,53.40238414131328
93,sco,s72,400,51.096931570376356
93,sco,s96,400,50.33780548834144
93,sco,s120,400,52.97894109066026
93,sco,b24x48,400,52.36433052946228
93,sco,b24x72,400,51.086433896460775
93,sco,b24x96,400,50.55208226790146
93,sco,b24x120,400,51.61760643815675
93,sco,b48x72,400,52.09091061192453
93,sco,b48x96,400,51.47748555743496
93,sco,b48x120,400,52.69068469735904
93,sco,b72x96,400,50.35114358284319
93,sco,b72x120,400,51.57767213124218
93,sco,b96x120,400,51.204151517431455
96,sel,s24,620,78.90798525004888
96,sel,s48,620,74.07314350692495
96,sel,s72,620,74.59262036581396
96,sel,s96,620,77.40797860617623
96,sel,s120,620,78.01782292237878
96,sel,b24x48,620,76.16286180958932
96,sel,b24x72,620,76.1981866295505
96,sel,b24x96,620,77.42443664277027
96,sel,b24x120,620,77.3420588524697
96,sel,b48x72,620,73.90819345300864
96,sel,b48x96,620,74.79071703605493
96,sel,b48x120,620,74.71319195024357
96,sel,b72x96,620,75.44569103189106
96,sel,b72x120,620,75.60968839295708
96,sel,b96x120,620,77.10425480612521
96,sco,s24,400,53.25895270413249
96,sco,s48,400,54.54489163406168
96,sco,s72,400,53.12164228437615
96,sco,s96,400,50.57538003768869
96,sco,s120,400,54.433351408532786
96,sco,b24x48,400,53.72204162820843
96,sco,b24x72,400,52.880916163448475
96,sco,b24x96,400,51.4224984049184
96,sco,b24x120,400,53.15579677885587
96,sco,b48x72,400,53.684313553857386
96,sco,b48x96,400,52.134424191060745
96,sco,b48x120,400,54.01142012165822
96,sco,b72x96,400,51.38479118581044
96,sco,b72x120,400,53.252841492076826
96,sco,b96x120,400,52.05817867318262
99,sel,s24,620,79.457242090574
99,sel,s48,620,75.82027815796039
99,sel,s72,620,75.98479607553641
99,sel,s96,620,78.99891496846486
99,sel,s120,620,78.46997487332618
99,sel,b24x48,620,77.36053952943982
99,sel,b24x72,620,77.17230483090997
99,sel,b24x96,620,78.41309037674593
99,sel,b24x120,620,77.73159494566885
99,sel,b48x72,620,75.40796350681208
99,sel,b48x96,620,76.38650545826424
99,sel,b48x120,620,75.69793664972838
99,sel,b72x96,620,76.91512224998249
99,sel,b72x120,620,76.51663184698315
99,sel,b96x120,620,78.17495494878605
99,sco,s24,400,54.49388649317258
99,sco,s48,400,54.990212073828545
99,sco,s72,400,54.34990060724557
99,sco,s96,400,50.444523280836336
99,sco,s120,400,55.04774422844285
99,sco,b24x48,400,54.58618812713935
99,sco,b24x72,400,54.14951492871519
99,sco,b24x96,400,52.03247079876189
99,sco,b24x120,400,54.1883131076644
99,sco,b48x72,400,54.519473071164036
99,sco,b48x96,400,52.31574447839427
99,sco,b48x120,400,54.594101496921404
99,sco,b72x96,400,51.978072077868994
99,sco,b72x120,400,54.24291015918588
99,sco,b96x120,400,52.336658946242906
102,sel,s24,620,80.14849343360575
102,sel,s48,620,76.27881682223722
102,sel,s72,620,76.67277736436479
102,sel,s96,620,78.66946747892155
102,sel,s120,620,78.44416584611915
102,sel,b24x48,620,77.9399021829115
102,sel,b24x72,620,77.86341418649175
102,sel,b24x96,620,78.44614046722
102,sel,b24x120,620,77.88314383045534
102,sel,b48x72,620,75.83283134563402
102,sel,b48x96,620,76.19267073070411
102,sel,b48x120,620,75.68109811551062
102,sel,b72x96,620,77.1182923917583
102,sel,b72x120,620,76.93777509544194
102,sel,b96x120,620,78.01578507106444
102,sco,s24,400,55.01481370111147
102,sco,s48,400,54.81384234470351
102,sco,s72,400,55.13124113691643
102,sco,s96,400,51.40037632113399
102,sco,s120,400,54.370208832097205
102,sco,b24x48,400,54.75950720291904
102,sco,b24x72,400,54.812691730014386
102,sco,b24x96,400,52.83578657733899
102,sco,b24x120,400,54.15136874668717
102,sco,b48x72,400,54.81508400678608
102,sco,b48x96,400,52.748863718387014
102,sco,b48x120,400,54.19859313457415
102,sco,b72x96,400,52.89189539046992
102,sco,b72x120,400,54.35160780674279
102,sco,b96x120,400,52.52288987158482
105,sel,s24,617,80.83963566090875
105,sel,s48,617,77.82938768937726
105,sel,s72,617,78.26485390337602
105,sel,s96,617,80.66923416772832
105,sel,s120,617,79.13805961016793
105,sel,b24x48,617,79.03104029575135
105,sel,b24x72,617,78.96613616249341
105,sel,b24x96,617,79.79690663279251
105,sel,b24x120,617,78.56785978960507
105,sel,b48x72,617,77.28208200831872
105,sel,b48x96,617,77.86087253192758
105,sel,b48x120,617,76.69648559486953
105,sel,b72x96,617,78.92303550850738
105,sel,b72x120,617,78.10122176406595
105,sel,b96x120,617,79.32893698380889
105,sco,s24,400,53.893898467281616
105,sco,s48,400,54.089922597685735
105,sco,s72,400,54.56916280654086
105,sco,s96,400,51.03564539912218
105,sco,s120,400,53.435062061520746
105,sco,b24x48,400,53.823560557293085
105,sco,b24x72,400,53.935975461290084
105,sco,b24x96,400,52.06131816859208
105,sco,b24x120,400,53.021007484834115
105,sco,b48x72,400,54.15668110235265
105,sco,b48x96,400,52.21343299833917
105,sco,b48x120,400,53.306820901880265
105,sco,b72x96,400,52.473632901482546
105,sco,b72x120,400,53.626013667883996
105,sco,b96x120,400,51.871151659146804
108,sel,s24,614,80.54630657744785
108,sel,s48,614,77.76452569055073
108,sel,s72,614,77.58313653796145
108,sel,s96,614,82.47820537953262
108,sel,s120,614,78.88797718371615
108,sel,b24x48,614,78.79697640066492
108,sel,b24x72,614,78.49069140731265
108,sel,b24x96,614,80.59551439558348
108,sel,b24x120,614,78.42346773797141
108,sel,b48x72,614,76.90238056423644
108,sel,b48x96,614,78.71908738049189
108,sel,b48x120,614,76.53501252067852
108,sel,b72x96,614,79.42498099444435
108,sel,b72x120,614,77.6400748286569
108,sel,b96x120,614,80.12141459829951
108,sco,s24,400,55.71605565363987
108,sco,s48,400,54.797324640848416
108,sco,s72,400,55.9913210322419
108,sco,s96,400,51.89345194583751
108,sco,s120,400,54.67598702866757
108,sco,b24x48,400,55.061862186992855
108,sco,b24x72,400,55.537909975545205
108,sco,b24x96,400,53.3961959910968
108,sco,b24x120,400,54.438468594104066
108,sco,b48x72,400,55.24513106331251
108,sco,b48x96,400,52.99575690842923
108,sco,b48x120,400,54.248818029858256
108,sco,b72x96,400,53.65055244117657
108,sco,b72x120,400,54.96161595611086
108,sco,b96x120,400,52.89755810630077
111,sel,s24,611,80.35056166323295
111,sel,s48,611,76.88261165586059
111,sel,s72,611,78.56437960271526
111,sel,s96,611,83.41668549264523
111,sel,s120,611,80.55960795842834
111,sel,b24x48,611,78.20932056435741
111,sel,b24x72,611,78.88748795797758
111,sel,b24x96,611,80.92294662617113
111,sel,b24x120,611,79.28570088851231
111,sel,b48x72,611,77.0602303937085
111,sel,b48x96,611,78.76305301236509
111,sel,b48x120,611,77.16096540440833
111,sel,b72x96,611,80.33965570280421
111,sel,b72x120,611,78.9808010969023
111,sel,b96x120,611,81.43287490434984
111,sco,s24,400,55.79108020804116
111,sco,s48,400,55.517436070365974
111,sco,s72,400,56.593335317079465
111,sco,s96,400,52.19252463314051
111,sco,s120,400,56.03514646118035
111,sco,b24x48,400,55.46786866160194
111,sco,b24x72,400,55.86254789055016
111,sco,b24x96,400,53.55025632438431
111,sco,b24x120,400,55.132455498664626
111,sco,b48x72,400,55.896349624142886
111,sco,b48x96,400,53.419718365791354
111,sco,b48x120,400,55.26335258653546
111,sco,b72x96,400,54.0822385455771
111,sco,b72x120,400,55.93725541076435
111,sco,b96x120,400,53.65868046267002
114,sel,s24,608,79.37039862832523
114,sel,s48,608,76.10961244431664
114,sel,s72,608,77.53889474377864
114,sel,s96,608,83.57439360751329
114,sel,s120,608,80.81141223329792
114,sel,b24x48,608,77.2755899593138
114,sel,b24x72,608,77.82132638027967
114,sel,b24x96,608,80.37686603455055
114,sel,b24x120,608,78.82862932362873
114,sel,b48x72,608,76.1978239731033
114,sel,b48x96,608,78.38810184015708
114,sel,b48x120,608,76.83431778070133
114,sel,b72x96,608,79.86208309910336
114,sel,b72x120,608,78.55503077141688
114,sel,b96x120,608,81.63401949754281
114,sco,s24,400,53.850269708466065
114,sco,s48,400,55.13636615796308
114,sco,s72,400,56.336569420852655
114,sco,s96,400,52.022586526599284
114,sco,s120,400,56.20334319175653
114,sco,b24x48,400,54.35617933359707
114,sco,b24x72,400,54.768775156420745
114,sco,b24x96,400,52.45350195112874
114,sco,b24x120,400,54.13471667751254
114,sco,b48x72,400,55.53383695894589
114,sco,b48x96,400,53.04799559509041
114,sco,b48x120,400,54.99639340603332
114,sco,b72x96,400,53.86539934424175
114,sco,b72x120,400,55.83834036497102
114,sco,b96x120,400,53.575724556454645
117,sel,s24,605,78.7308084008955
117,sel,s48,605,75.8965645413825
117,sel,s72,605,76.15203420145424
117,sel,s96,605,83.1095571045501
117,sel,s120,605,80.26959720180973
117,sel,b24x48,605,76.78127014008209
117,sel,b24x72,605,76.6668046648131
117,sel,b24x96,605,79.71383233792739
117,sel,b24x120,605,78.14369756335483
117,sel,b48x72,605,75.3817915317727
117,sel,b48x96,605,77.99324673656581
117,sel,b48x120,605,76.34614070194361
117,sel,b72x96,605,78.9376822094327
117,sel,b72x120,605,77.47164952337502
117,sel,b96x120,605,81.08456346699168
117,sco,s24,400,55.97074648602006
117,sco,s48,400,56.76899201428313
117,sco,s72,400,56.56007029183666
117,sco,s96,400,52.543905993666215
117,sco,s120,400,56.37875532996456
117,sco,b24x48,400,56.259916762994564
117,sco,b24x72,400,55.997054371152544
117,sco,b24x96,400,53.767210249945265
117,sco,b24x120,400,55.39058324085754
117,sco,b48x72,400,56.415549412922985
117,sco,b48x96,400,54.10883019550648
117,sco,b48x120,400,55.8858577142981
117,sco,b72x96,400,54.26473571272341
117,sco,b72x120,400,56.054461210879424
117,sco,b96x120,400,53.889055112990334
12,sel,s24,689,41.7025577949477
12,sel,s48,689,41.017097434852374
12,sel,s72,689,42.92771115923539
12,sel,s96,689,46.96024520792352
12,sel,s120,689,48.21695340324189
12,sel,b24x48,689,41.19143377211352
12,sel,b24x72,689,41.95558014527609
12,sel,b24x96,689,43.606410527368865
12,sel,b24x120,689,43.909282646955205
12,sel,b48x72,689,41.75086817544054
12,sel,b48x96,689,43.400087363364285
12,sel,b48x120,689,43.752075141459386
12,sel,b72x96,689,44.54680004496517
12,sel,b72x120,689,44.9319763879929
12,sel,b96x120,689,47.10692846516613
12,sco,s24,376,31.67335823801715
12,sco,s48,376,29.841941749793293
12,sco,s72,376,28.732301537891956
12,sco,s96,376,31.698525727552543
12,sco,s120,376,31.124148789242224
12,sco,b24x48,376,30.57995856560121
12,sco,b24x72,376,29.950063660960993
12,sco,b24x96,376,31.242145200935685
12,sco,b24x120,376,30.780503550293428
12,sco,b48x72,376,29.109240638869487
12,sco,b48x96,376,30.364075876645504
12,sco,b48x120,376,29.98781240598547
12,sco,b72x96,376,29.88125118693825
12,sco,b72x120,376,29.558277104635682
12,sco,b96x120,376,30.88994654948324
15,sel,s24,686,42.30184591712358
15,sel,s48,686,41.36786215172762
15,sel,s72,686,42.87708179890187
15,sel,s96,686,47.07722085189831
15,sel,s120,686,47.71484720475611
15,sel,b24x48,686,41.61914549192651
15,sel,b24x72,686,42.23680935656726
15,sel,b24x96,686,44.00781970044298
15,sel,b24x120,686,43.869669972645525
15,sel,b48x72,686,41.89881676369682
15,sel,b48x96,686,43.66579461153626
15,sel,b48x120,686,43.60290162516395
15,sel,b72x96,686,44.61188185527553
15,sel,b72x120,686,44.65428664492765
15,sel,b96x120,686,46.911587027530715
15,sco,s24,376,31.16482470225479
15,sco,s48,376,29.49424821654123
15,sco,s72,376,28.35485613118868
15,sco,s96,376,30.95294771406503
15,sco,s120,376,31.59821227799616
15,sco,b24x48,376,30.195209271763105
15,sco,b24x72,376,29.519753008859468
15,sco,b24x96,376,30.645585755110584
15,sco,b24x120,376,30.6609241803879
15,sco,b48x72,376,28.755784832212935
15,sco,b48x96,376,29.85024204805406
15,sco,b48x120,376,29.949185383933585
15,sco,b72x96,376,29.363179455544696
15,sco,b72x120,376,29.540211653382983
15,sco,b96x120,376,30.724944307618962
18,sel,s24,683,42.30206507284571
18,sel,s48,683,41.08317402257047
18,sel,s72,683,42.20803672234047
18,sel,s96,683,46.84488761960416
18,sel,s120,683,47.50368295725021
18,sel,b24x48,683,41.46236663605033
18,sel,b24x72,683,41.85788087201657
18,sel,b24x96,683,43.86164920413791
18,sel,b24x120,683,43.71658000912816
18,sel,b48x72,683,41.41145224198082
18,sel,b48x96,683,43.39914610818547
18,sel,b48x120,683,43.31312379109971
18,sel,b72x96,683,44.13457594441411
18,sel,b72x120,683,44.18766769205441
18,sel,b96x120,683,46.70150070967351
18,sco,s24,376,31.762526432123465
18,sco,s48,376,31.161132817546303
18,sco,s72,376,29.702831607975874
18,sco,s96,376,31.931767687079184
18,sco,s120,376,33.38256107013887
18,sco,b24x48,376,31.342968768669074
18,sco,b24x72,376,30.47989657115204
18,sco,b24x96,376,31.43819594271352
18,sco,b24x120,376,31.781124962588663
18,sco,b48x72,376,30.28020759520767
18,sco,b48x96,376,31.205347392973078
18,sco,b48x120,376,31.63199581153669
18,sco,b72x96,376,30.53297411591192
18,sco,b72x120,376,31.089914472316337
18,sco,b96x120,376,32.15072283867665
21,sel,s24,680,43.705040470858805
21,sel,s48,680,43.7370309574485
21,sel,s72,680,43.35394307585676
21,sel,s96,680,46.84190188991401
21,sel,s120,680,49.49979091892156
21,sel,b24x48,680,43.5109203654042
21,sel,b24x72,680,43.15804233110037
21,sel,b24x96,680,44.47711278948524
21,sel,b24x120,680,45.37056048492218
21,sel,b48x72,680,43.30511644645785
21,sel,b48x96,680,44.652010684210964
21,sel,b48x120,680,45.570606391974565
21,sel,b72x96,680,44.68469280838945
21,sel,b72x120,680,45.73482205970939
21,sel,b96x120,680,47.654546004354486
21,sco,s24,376,32.55086206382353
21,sco,s48,376,32.17635599176774
21,sco,s72,376,31.067497502266924
21,sco,s96,376,33.38304195978013
21,sco,s120,376,35.06304529662234
21,sco,b24x48,376,32.26509570312625
21,sco,b24x72,376,31.568952828909325
21,sco,b24x96,376,32.54017548587849
21,sco,b24x120,376,33.02637306145914
21,sco,b48x72,376,31.45617525998221
21,sco,b48x96,376,32.45488511349023
21,sco,b48x120,376,32.95281356297334
21,sco,b72x96,376,31.93245894987144
21,sco,b72x120,376,32.62311326825075
21,sco,b96x120,376,33.75765765796496
24,sel,s24,677,44.41790688655655
24,sel,s48,677,44.42489961003865
24,sel,s72,677,45.20165777802919
24,sel,s96,677,47.670858016819594
24,sel,s120,677,49.361320666639166
24,sel,b24x48,677,44.21760585332839
24,sel,b24x72,677,44.48418644341716
24,sel,b24x96,677,45.28002606183917
24,sel,b24x120,677,45.80085876307206
24,sel,b48x72,677,44.544184473754484
24,sel,b48x96,677,45.433044247116236
24,sel,b48x120,677,45.9156813204523
24,sel,b72x96,677,46.02713911276431
24,sel,b72x120,677,46.57862450422991
24,sel,b96x120,677,47.93220286601071
24,sco,s24,376,33.576100277776185
24,sco,s48,376,33.08978085752584
24,sco,s72,376,32.003575877131084
24,sco,s96,376,34.659015528974464
24,sco,s120,376,35.452986059814876
24,sco,b24x48,376,33.23820207963259
24,sco,b24x72,376,32.56643144438991
24,sco,b24x96,376,33.64607514613565
24,sco,b24x120,376,33.79685969327094
24,sco,b48x72,376,32.38374214025767
24,sco,b48x96,376,33.519815576883644
24,sco,b48x120,376,33.63857864907524
24,sco,b72x96,376,33.05242865774349
24,sco,b72x120,376,33.3031820701545
24,sco,b96x120,376,34.647353367716576
27,sel,s24,674,44.13060579083108
27,sel,s48,674,44.54549588069233
27,sel,s72,674,44.44170709386041
27,sel,s96,674,47.524304376301856
27,sel,s120,674,48.10750133146639
27,sel,b24x48,674,44.16039092259823
27,sel,b24x72,674,43.92386468860485
27,sel,b24x96,674,45.09296295228929
27,sel,b24x120,674,45.18888608887739
27,sel,b48x72,674,44.21648624598468
27,sel,b48x96,674,45.43530046618811
27,sel,b48x120,674,45.52428635909073
27,sel,b72x96,674,45.57110472709305
27,sel,b72x120,674,45.63203956595233
27,sel,b96x120,674,47.243399252563584
27,sco,s24,376,33.70510825577237
27,sco,s48,376,33.8671630907247
27,sco,s72,376,32.5055170909261
27,sco,s96,376,34.61609804774923
27,sco,s120,376,35.72162939484346
27,sco,b24x48,376,33.672367076627225
27,sco,b24x72,376,32.89874947391509
27,sco,b24x96,376,33.65269000821091
27,sco,b24x120,376,34.01101873842012
27,sco,b48x72,376,33.03212437153265
27,sco,b48x96,376,33.85684268000889
27,sco,b48x120,376,34.24448434270074
27,sco,b72x96,376,33.28322022733106
27,sco,b72x120,376,33.66029443115016
27,sco,b96x120,376,34.81104934067451
30,sel,s24,671,44.84536339614336
30,sel,s48,671,43.99825665382001
30,sel,s72,671,44.52843440230359
30,sel,s96,671,47.90175093950251
30,sel,s120,671,48.28367510236258
30,sel,b24x48,671,44.217378849074805
30,sel,b24x72,671,44.34698844263504
30,sel,b24x96,671,45.5909815641541
30,sel,b24x120,671,45.605905088711594
30,sel,b48x72,671,44.06242292456598
30,sel,b48x96,671,45.40706608929352
30,sel,b48x120,671,45.390776617172556
30,sel,b72x96,671,45.77964020562231
30,sel,b72x120,671,45.76216843375696
30,sel,b96x120,671,47.50412005769196
30,sco,s24,376,33.10196294346001
30,sco,s48,376,33.69171232671399
30,sco,s72,376,32.385392742505196
30,sco,s96,376,33.51861284986599
30,sco,s120,376,35.703145893479295
30,sco,b24x48,376,33.26808699733008
30,sco,b24x72,376,32.54958285981574
30,sco,b24x96,376,32.796012617288106
30,sco,b24x120,376,33.6685824004896
30,sco,b48x72,376,32.87941011511259
30,sco,b48x96,376,33.22883085297279
30,sco,b48x120,376,34.17276438390165
30,sco,b72x96,376,32.68623416466562
30,sco,b72x120,376,33.55932972016457
30,sco,b96x120,376,34.27469410420973
33,sel,s24,668,45.820873562682834
33,sel,s48,668,43.60207791480323
33,sel,s72,668,45.7050723193576
33,sel,s96,668,48.0687399574571
33,sel,s120,668,48.63363408780142
33,sel,b24x48,668,44.48731288722006
33,sel,b24x72,668,45.458750937380394
33,sel,b24x96,668,46.203716366795014
33,sel,b24x120,668,46.25739640241976
33,sel,b48x72,668,44.437129007228684
33,sel,b48x96,668,45.294972163144095
33,sel,b48x120,668,45.239811719269106
33,sel,b72x96,668,46.43147191824265
33,sel,b72x120,668,46.47211758794478
33,sel,b96x120,668,47.75227283466987
33,sco,s24,376,32.85757170866416
33,sco,s48,376,33.604054459766964
33,sco,s72,376,32.06185770144823
33,sco,s96,376,33.36972769817852
33,sco,s120,376,35.92141054945468
33,sco,b24x48,376,33.08688045493082
33,sco,b24x72,376,32.26083477123365
33,sco,b24x96,376,32.57780606099186
33,sco,b24x120,376,33.641649384841855
33,sco,b48x72,376,32.67114946450913
33,sco,b48x96,376,33.07145014432298
33,sco,b48x120,376,34.218562110168904
33,sco,b72x96,376,32.40985946250429
33,sco,b72x120,376,33.45809669742442
33,sco,b96x120,376,34.28094608110876
36,sel,s24,665,48.17182527623509
36,sel,s48,665,45.29269675707451
36,sel,s72,665,46.16720503390308
36,sel,s96,665,48.320345948937785
36,sel,s120,665,48.8973926080184
36,sel,b24x48,665,46.49610883665369
36,sel,b24x72,665,46.81472109099853
36,sel,b24x96,665,47.63377725242295
36,sel,b24x120,665,47.54559721240384
36,sel,b48x72,665,45.47782191377826
36,sel,b48x96,665,46.354617446166166
36,sel,b48x120,665,46.19663776700421
36,sel,b72x96,665,46.82114506568317
36,sel,b72x120,665,46.870711743268856
36,sel,b96x120,665,47.96460430484792
36,sco,s24,376,32.49727641778203
36,sco,s48,376,33.713112566983895
36,sco,s72,376,32.092470082910474
36,sco,s96,376,33.35557080314712
36,sco,s120,376,34.69179860300112
36,sco,b24x48,376,32.971237995378125
36,sco,b24x72,376,32.11745105942867
36,sco,b24x96,376,32.39144888851418
36,sco,b24x120,376,32.837841682504994
36,sco,b48x72,376,32.74234496214436
36,sco,b48x96,376,33.101762196065714
36,sco,b48x120,376,33.62791976061558
36,sco,b72x96,376,32.41883743740051
36,sco,b72x120,376,32.919064806543815
36,sco,b96x120,376,33.63405705712627
39,sel,s24,662,48.70583183615099
39,sel,s48,662,45.420905633281066
39,sel,s72,662,44.95802921325986
39,sel,s96,662,48.47130739268429
39,sel,s120,662,49.04818777620172
39,sel,b24x48,662,46.81333296757347
39,sel,b24x72,662,46.44301156258993
39,sel,b24x96,662,47.99317267813558
39,sel,b24x120,662,47.82863792495445
39,sel,b48x72,662,44.84305619999379
39,sel,b48x96,662,46.44762677542168
39,sel,b48x120,662,46.24507384649912
39,sel,b72x96,662,46.301962481859576
39,sel,b72x120,662,46.32216394098568
39,sel,b96x120,662,48.10690443062847
39,sco,s24,376,32.82304082293875
39,sco,s48,376,33.85852575578088
39,sco,s72,376,32.131384595965606
39,sco,s96,376,33.16619098202825
39,sco,s120,376,34.868145592540365
39,sco,b24x48,376,33.217829893517276
39,sco,b24x72,376,32.29735985319112
39,sco,b24x96,376,32.43955156393744
39,sco,b24x120,376,33.04293895419504
39,sco,b48x72,376,32.83794805042227
39,sco,b48x96,376,33.058634667416456
39,sco,b48x120,376,33.773558498179604
39,sco,b72x96,376,32.34348094666938
39,sco,b72x120,376,33.04631447610093
39,sco,b96x120,376,33.51686221970494
42,sel,s24,659,47.413752103345786
42,sel,s48,659,44.512175416287974
42,sel,s72,659,43.96768873259586
42,sel,s96,659,47.21359054989365
42,sel,s120,659,47.71488651419059
42,sel,b24x48,659,45.6972448923554
42,sel,b24x72,659,45.269204381371864
42,sel,b24x96,659,46.62534496702507
42,sel,b24x120,659,46.31935040789852
42,sel,b48x72,659,43.797670207981454
42,sel,b48x96,659,45.217902304507035
42,sel,b48x120,659,44.85690776829049
42,sel,b72x96,659,45.167825550880764
42,sel,b72x120,659,45.07732209794425
42,sel,b96x120,659,46.801098191899385
42,sco,s24,376,34.17543899179848
42,sco,s48,376,34.793918215733584
42,sco,s72,376,32.506226891558796
42,sco,s96,376,33.55245589452021
42,sco,s120,376,35.37249151454688
42,sco,b24x48,376,34.35913233841434
42,sco,b24x72,376,33.12445637532302
42,sco,b24x96,376,33.255948994512266
42,sco,b24x120,376,33.948178594501
42,sco,b48x72,376,33.493858858829874
42,sco,b48x96,376,33.67658664256852
42,sco,b48x120,376,34.506560743731434
42,sco,b72x96,376,32.679556182859685
42,sco,b72x120,376,33.466902249439684
42,sco,b96x120,376,33.90540944833333
45,sel,s24,656,46.9142547188105
45,sel,s48,656,44.804688285603206
45,sel,s72,656,44.237544528308916
45,sel,s96,656,47.648346695722786
45,sel,s120,656,48.66936039708893
45,sel,b24x48,656,45.5945535591474
45,sel,b24x72,656,45.14277317920976
45,sel,b24x96,656,46.61651542546953
45,sel,b24x120,656,46.59851731381945
45,sel,b48x72,656,44.115109507689006
45,sel,b48x96,656,45.509022902752754
45,sel,b48x120,656,45.50621272363688
45,sel,b72x96,656,45.41629305083806
45,sel,b72x120,656,45.69480720642768
45,sel,b96x120,656,47.51906593621664
45,sco,s24,376,34.697257434706586
45,sco,s48,376,35.03281945366107
45,sco,s72,376,33.04530149000551
45,sco,s96,376,33.57686228804814
45,sco,s120,376,35.50902880176665
45,sco,b24x48,376,34.72863445955642
45,sco,b24x72,376,33.62747109466743
45,sco,b24x96,376,33.55467680349396
45,sco,b24x120,376,34.34669740541915
45,sco,b48x72,376,33.89173466816263
45,sco,b48x96,376,33.87251071632921
45,sco,b48x120,376,34.76898758515914
45,sco,b72x96,376,33.00010213108388
45,sco,b72x120,376,33.85814159027527
45,sco,b96x120,376,34.021714406479276
48,sel,s24,653,46.15979248171362
48,sel,s48,653,44.6184346980322
48,sel,s72,653,44.27008730197888
48,sel,s96,653,48.117267144083684
48,sel,s120,653,49.171004892855095
48,sel,b24x48,653,45.11191446383678
48,sel,b24x72,653,44.835722049521806
48,sel,b24x96,653,46.51789293900228
48,sel,b24x120,653,46.6516667706712
48,sel,b48x72,653,44.074514904374574
48,sel,b48x96,653,45.67441823277877
48,sel,b48x120,653,45.80242383439412
48,sel,b72x96,653,45.66263302126494
48,sel,b72x120,653,45.986451611807695
48,sel,b96x120,653,48.027562001949995
48,sco,s24,376,33.88183333844984
48,sco,s48,376,34.468161023055764
48,sco,s72,376,32.73681026466707
48,sco,s96,376,32.704917602589326
48,sco,s120,376,35.73706120104263
48,sco,b24x48,376,34.05514793491997
48,sco,b24x72,376,33.11489490926851
48,sco,b24x96,376,32.81788370265271
48,sco,b24x120,376,34.083676796073945
48,sco,b48x72,376,33.48800556597611
48,sco,b48x96,376,33.21451172839744
48,sco,b48x120,376,34.570498896711406
48,sco,b72x96,376,32.42046755143015
48,sco,b72x120,376,33.81395736258222
48,sco,b96x120,376,33.67966247873393
51,sel,s24,650,46.72893200629872
51,sel,s48,650,45.18686817234623
51,sel,s72,650,44.36635189199024
51,sel,s96,650,48.80315687462996
51,sel,s120,650,50.59363774629917
51,sel,b24x48,650,45.64100183975019
51,sel,b24x72,650,45.15180105681453
51,sel,b24x96,650,47.08279753620458
51,sel,b24x120,650,47.6068478819818
51,sel,b48x72,650,44.47910800337681
51,sel,b48x96,650,46.36454526111434
51,sel,b48x120,650,46.766956317729395
51,sel,b72x96,650,46.08962818837487
51,sel,b72x120,650,46.73406483812145
51,sel,b96x120,650,49.16463696829883
51,sco,s24,376,33.3395894703505
51,sco,s48,376,33.82418171235723
51,sco,s72,376,33.203478305955336
51,sco,s96,376,31.821528701408997
51,sco,s120,376,36.098837508191714
51,sco,b24x48,376,33.47697572848962
51,sco,b24x72,376,33.08777094796187
51,sco,b24x96,376,32.20328540955617
51,sco,b24x120,376,34.02676429331749
51,sco,b48x72,376,33.422143314890036
51,sco,b48x96,376,32.50535994861943
51,sco,b48x120,376,34.40432565187875
51,sco,b72x96,376,32.24867193000611
51,sco,b72x120,376,34.202518686616266
51,sco,b96x120,376,33.44049334685353
54,sel,s24,647,48.20991484540177
54,sel,s48,647,47.09138047712314
54,sel,s72,647,45.688194378769055
54,sel,s96,647,49.511460540206244
54,sel,s120,647,51.688464791601966
54,sel,b24x48,647,47.314290874779616
54,sel,b24x72,647,46.51894312010647
54,sel,b24x96,647,48.08527769572781
54,sel,b24x120,647,48.74224101008639
54,sel,b48x72,647,46.052061600783794
54,sel,b48x96,647,47.65149357296064
54,sel,b48x120,647,48.162754218869225
54,sel,b72x96,647,47.130997965450746
54,sel,b72x120,647,47.90947356094167
54,sel,b96x120,647,50.09208018641668
54,sco,s24,376,33.07109853938097
54,sco,s48,376,33.623920553732475
54,sco,s72,376,33.32294470003795
54,sco,s96,376,32.45737244805592
54,sco,s120,376,36.14159106229238
54,sco,b24x48,376,33.2504403494724
54,sco,b24x72,376,33.036623492307825
54,sco,b24x96,376,32.38605430642347
54,sco,b24x120,376,33.93905783553459
54,sco,b48x72,376,33.35855269150312
54,sco,b48x96,376,32.70001282648843
54,sco,b48x120,376,34.31035777575281
54,sco,b72x96,376,32.62605359748502
54,sco,b72x120,376,34.240705878886416
54,sco,b96x120,376,33.80022258969778
57,sel,s24,644,48.50487854554646
57,sel,s48,644,47.67485424954306
57,sel,s72,644,47.28147441862195
57,sel,s96,644,50.27396390285393
57,sel,s120,644,53.243603939127226
57,sel,b24x48,644,47.76444887456041
57,sel,b24x72,644,47.497302770567885
57,sel,b24x96,644,48.68102226426919
57,sel,b24x120,644,49.63145612065553
57,sel,b48x72,644,47.08700076168632
57,sel,b48x96,644,48.33140968616454
57,sel,b48x120,644,49.23071486543931
57,sel,b72x96,644,48.373696739114095
57,sel,b72x120,644,49.50555224471901
57,sel,b96x120,644,51.24847489917358
57,sco,s24,376,34.764142182672735
57,sco,s48,376,34.738907077808065
57,sco,s72,376,34.30318581365198
57,sco,s96,376,34.188167980273136
57,sco,s120,376,36.221072360637066
57,sco,b24x48,376,34.63926816322303
57,sco,b24x72,376,34.36227180163968
57,sco,b24x96,376,34.06945545096134
57,sco,b24x120,376,34.808615330545635
57,sco,b48x72,376,34.38997027136019
57,sco,b48x96,376,34.102300831349964
57,sco,b48x120,376,34.92735502224956
57,sco,b72x96,376,33.9276480222328
57,sco,b72x120,376,34.779791120630826
57,sco,b96x120,376,34.73177059268597
60,sel,s24,641,46.966302298560976
60,sel,s48,641,44.64409248088742
60,sel,s72,641,46.35984336926987
60,sel,s96,641,50.5242743264044
60,sel,s120,641,53.460908498459766
60,sel,b24x48,641,45.465274982908106
60,sel,b24x72,641,46.29099105895398
60,sel,b24x96,641,48.114056044821425
60,sel,b24x120,641,49.11764410489377
60,sel,b48x72,641,45.09092825453878
60,sel,b48x96,641,46.851189368401656
60,sel,b48x120,641,47.83848165113106
60,sel,b72x96,641,47.93580186172018
60,sel,b72x120,641,49.102636345830575
60,sel,b96x120,641,51.49299938953981
60,sco,s24,376,35.68295278424545
60,sco,s48,376,35.35970787640072
60,sco,s72,376,35.11551887616096
60,sco,s96,376,34.68392584100798
60,sco,s120,376,36.59512534802025
60,sco,b24x48,376,35.39600694837125
60,sco,b24x72,376,35.178991019362
60,sco,b24x96,376,34.7722763790338
60,sco,b24x120,376,35.45546768738555
60,sco,b48x72,376,35.10308696494123
60,sco,b48x96,376,34.65869789703041
60,sco,b48x120,376,35.45779255839956
60,sco,b72x96,376,34.58597059375541
60,sco,b72x120,376,35.40286971286401
60,sco,b96x120,376,35.100900536806904
63,sel,s24,638,48.27264836951273
63,sel,s48,638,44.777593425206746
63,sel,s72,638,47.46853186769418
63,sel,s96,638,51.04792658940971
63,sel,s120,638,52.50761464637971
63,sel,b24x48,638,46.18131712917082
63,sel,b24x72,638,47.513411441378935
63,sel,b24x96,638,49.02647836345147
63,sel,b24x120,638,49.35724301616889
63,sel,b48x72,638,45.68556873573361
63,sel,b48x96,638,47.097337083549235
63,sel,b48x120,638,47.42580773568913
63,sel,b72x96,638,48.75876105294978
63,sel,b72x120,638,49.20472391824894
63,sel,b96x120,638,51.280605898171565
63,sco,s24,376,32.89933830656791
63,sco,s48,376,33.37059706263209
63,sco,s72,376,33.89144177733342
63,sco,s96,376,33.58038613282476
63,sco,s120,376,35.560286240338506
63,sco,b24x48,376,33.02180229772406
63,sco,b24x72,376,33.165087406715806
63,sco,b24x96,376,32.858189926871276
63,sco,b24x120,376,33.5736773703963
63,sco,b48x72,376,33.50332646263965
63,sco,b48x96,376,33.14189791122556
63,sco,b48x120,376,34.003531889553564
63,sco,b72x96,376,33.45468146780186
63,sco,b72x120,376,34.32454442177876
63,sco,b96x120,376,33.99177176374364
66,sel,s24,635,50.40489426407884
66,sel,s48,635,45.76236510605787
66,sel,s72,635,49.752957350579536
66,sel,s96,635,51.82608273752671
66,sel,s120,635,52.47401630241967
66,sel,b24x48,635,47.68851652223131
66,sel,b24x72,635,49.7574220961331
66,sel,b24x96,635,50.50141570434218
66,sel,b24x120,635,50.46910335338005
66,sel,b48x72,635,47.28983023504668
66,sel,b48x96,635,47.919993812846066
66,sel,b48x120,635,47.93660714074629
66,sel,b72x96,635,50.33464552271257
66,sel,b72x120,635,50.40962102781329
66,sel,b96x120,635,51.633045967140895
66,sco,s24,376,32.49848831264363
66,sco,s48,376,32.974206019369284
66,sco,s72,376,33.888051083614556
66,sco,s96,376,33.75710115961241
66,sco,s120,376,35.393854164705004
66,sco,b24x48,376,32.616330073952376
66,sco,b24x72,376,32.941332214865355
66,sco,b24x96,376,32.72259204061825
66,sco,b24x120,376,33.278251488942
66,sco,b48x72,376,33.31101152640496
66,sco,b48x96,376,33.01150541593137
66,sco,b48x120,376,33.68355063446152
66,sco,b72x96,376,33.5174000838105
66,sco,b72x120,376,34.27465275350824
66,sco,b96x120,376,34.0200620476307
69,sel,s24,632,49.66810198008022
69,sel,s48,632,45.4930057790301
69,sel,s72,632,48.8320567882112
69,sel,s96,632,51.724860450864924
69,sel,s120,632,51.35724074243984
69,sel,b24x48,632,47.11671078037345
69,sel,b24x72,632,48.939416078228405
69,sel,b24x96,632,50.07601890451832
69,sel,b24x120,632,49.673903769067536
69,sel,b48x72,632,46.68576837452464
69,sel,b48x96,632,47.63448653692008
69,sel,b48x120,632,47.33992105283902
69,sel,b72x96,632,49.744473240168965
69,sel,b72x120,632,49.47182645205996
69,sel,b96x120,632,51.04574480020866
69,sco,s24,376,33.38736953381368
69,sco,s48,376,34.069748393372116
69,sco,s72,376,34.00235115222259
69,sco,s96,376,33.788318395026984
69,sco,s120,376,35.59666777192796
69,sco,b24x48,376,33.61429845824265
69,sco,b24x72,376,33.495668449511456
69,sco,b24x96,376,33.19270158639214
69,sco,b24x120,376,33.825073240226075
69,sco,b48x72,376,33.919119281665424
69,sco,b48x96,376,33.574795590876235
69,sco,b48x120,376,34.26693760372154
69,sco,b72x96,376,33.618102092161195
69,sco,b72x120,376,34.441839545593915
69,sco,b96x120,376,34.18548296942956
72,sel,s24,629,48.133116560355596
72,sel,s48,629,45.46892312988256
72,sel,s72,629,47.867243929017505
72,sel,s96,629,51.51404138692884
72,sel,s120,629,50.52344929549677
72,sel,b24x48,629,46.32708809011858
72,sel,b24x72,629,47.71164182078509
72,sel,b24x96,629,49.227530808784586
72,sel,b24x120,629,48.49788828095404
72,sel,b48x72,629,46.219908997151705
72,sel,b48x96,629,47.5151828154358
72,sel,b48x120,629,46.8531943979614
72,sel,b72x96,629,49.17540180025362
72,sel,b72x120,629,48.58406046716567
72,sel,b96x120,629,50.51500752991232
72,sco,s24,376,34.02704060811644
72,sco,s48,376,34.41292293941369
72,sco,s72,376,34.08278047243727
72,sco,s96,376,33.756165181382464
72,sco,s120,376,35.22095002730151
72,sco,b24x48,376,34.12016173483998
72,sco,b24x72,376,33.883565385507495
72,sco,b24x96,376,33.52140820949935
72,sco,b24x120,376,34.03773885352811
72,sco,b48x72,376,34.12069046469301
72,sco,b48x96,376,33.778636484114095
72,sco,b48x120,376,34.32155813344794
72,sco,b72x96,376,33.699798807617455
72,sco,b72x120,376,34.34807015567826
72,sco,b96x120,376,34.06497438746327
75,sel,s24,626,48.134453796836596
75,sel,s48,626,45.60795204246751
75,sel,s72,626,46.31471368859534
75,sel,s96,626,49.60284181243564
75,sel,s120,626,49.352298259324606
75,sel,b24x48,626,46.454703731249964
75,sel,b24x72,626,46.936932754040996
75,sel,b24x96,626,48.19265410605338
75,sel,b24x120,626,47.82810203435971
75,sel,b48x72,626,45.55132238221459
75,sel,b48x96,626,46.638858968704454
75,sel,b48x120,626,46.32568561996325
75,sel,b72x96,626,47.39339262775238
75,sel,b72x120,626,47.12599981598221
75,sel,b96x120,626,48.98677554960313
75,sco,s24,376,34.458400151333194
75,sco,s48,376,35.12579122048999
75,sco,s72,376,34.05410749060494
75,sco,s96,376,34.24256759831012
75,sco,s120,376,34.48895989416553
75,sco,b24x48,376,34.68224610299124
75,sco,b24x72,376,34.048133531045984
75,sco,b24x96,376,33.92804992669601
75,sco,b24x120,376,33.93491223689968
75,sco,b48x72,376,34.44701723323929
75,sco,b48x96,376,34.39160628689853
75,sco,b48x120,376,34.338456570184654
75,sco,b72x96,376,33.90607888118677
75,sco,b72x120,376,33.93416169747595
75,sco,b96x120,376,33.96436741048307
78,sel,s24,623,48.48488501866967
78,sel,s48,623,45.58995005511609
78,sel,s72,623,45.97333467536591
78,sel,s96,623,49.20776621771072
78,sel,s120,623,48.700576390540625
78,sel,b24x48,623,46.58641015626985
78,sel,b24x72,623,46.85883369022296
78,sel,b24x96,623,48.13480639688888
78,sel,b24x120,623,47.5319319340431
78,sel,b48x72,623,45.35948046911866
78,sel,b48x96,623,46.46482092680804
78,sel,b48x120,623,45.93416310205622
78,sel,b72x96,623,47.013485183520594
78,sel,b72x120,623,46.48993776454429
78,sel,b96x120,623,48.46587062235891
78,sco,s24,376,36.44759828478096
78,sco,s48,376,36.86110457057302
78,sco,s72,376,35.43678171765781
78,sco,s96,376,35.34290528642734
78,sco,s120,376,35.463674474250055
78,sco,b24x48,376,36.55623002181426
78,sco,b24x72,376,35.75230461091103
78,sco,b24x96,376,35.485463196898515
78,sco,b24x120,376,35.42876358577587
78,sco,b48x72,376,36.024499313198305
78,sco,b48x96,376,35.81142495100374
78,sco,b48x120,376,35.68093892154783
78,sco,b72x96,376,35.137763906257895
78,sco,b72x120,376,35.06260361446269
78,sco,b96x120,376,34.99892799283485
81,sel,s24,620,48.54574972780533
81,sel,s48,620,46.07819866634162
81,sel,s72,620,46.72677621508743
81,sel,s96,620,50.61310030252139
81,sel,s120,620,50.13958619801688
81,sel,b24x48,620,46.85312591912139
81,sel,b24x72,620,47.19701994629754
81,sel,b24x96,620,48.90577039143439
81,sel,b24x120,620,48.28273791455802
81,sel,b48x72,620,46.007167477192866
81,sel,b48x96,620,47.449504796011844
81,sel,b48x120,620,46.838611108173595
81,sel,b72x96,620,48.16136903630264
81,sel,b72x120,620,47.582877226275926
81,sel,b96x120,620,49.84497825367169
81,sco,s24,376,36.3125803527883
81,sco,s48,376,36.88786568325848
81,sco,s72,376,35.93183213133565
81,sco,s96,376,35.22985795089977
81,sco,s120,376,36.558482458516536
81,sco,b24x48,376,36.50363177586791
81,sco,b24x72,376,35.96580171766433
81,sco,b24x96,376,35.39703236024552
81,sco,b24x120,376,35.87915930819981
81,sco,b48x72,376,36.304878751164466
81,sco,b48x96,376,35.74234195584435
81,sco,b48x120,376,36.21491694885402
81,sco,b72x96,376,35.30467057532308
81,sco,b72x120,376,35.880103931171135
81,sco,b96x120,376,35.464524938003755
84,sel,s24,617,50.76193169914859
84,sel,s48,617,49.0314104889119
84,sel,s72,617,49.70479664406072
84,sel,s96,617,50.01488202045414
84,sel,s120,617,50.84443163267106
84,sel,b24x48,617,49.473938612026714
84,sel,b24x72,617,49.788764024090206
84,sel,b24x96,617,49.74925461792033
84,sel,b24x120,617,49.824983069053474
84,sel,b48x72,617,49.03779561200399
84,sel,b48x96,617,48.793066252249595
84,sel,b48x120,617,48.8147641922483
84,sel,b72x96,617,49.48190030114368
84,sel,b72x120,617,49.47676536590979
84,sel,b96x120,617,49.90537788240567
84,sco,s24,376,35.90822113328523
84,sco,s48,376,36.37038780649713
84,sco,s72,376,35.60345372340894
84,sco,s96,376,35.26320271042222
84,sco,s120,376,36.32906372865762
84,sco,b24x48,376,36.03279320543674
84,sco,b24x72,376,35.5801463032728
84,sco,b24x96,376,35.243563977746334
84,sco,b24x120,376,35.479545615517026
84,sco,b48x72,376,35.88140863110566
84,sco,b48x96,376,35.501421933309906
84,sco,b48x120,376,35.810204143309946
84,sco,b72x96,376,35.136752552346366
84,sco,b72x120,376,35.5806396319265
84,sco,b96x120,376,35.32151366837826
87,sel,s24,614,52.3374656377694
87,sel,s48,614,50.268624098983665
87,sel,s72,614,51.37431158885622
87,sel,s96,614,51.07789370695131
87,sel,s120,614,51.69980789560187
87,sel,b24x48,614,50.830840281560796
87,sel,b24x72,614,51.392115611196786
87,sel,b24x96,614,51.11840919943259
87,sel,b24x120,614,50.9658102317365
87,sel,b48x72,614,50.43095686606495
87,sel,b48x96,614,49.98407580643999
87,sel,b48x120,614,49.82911624992177
87,sel,b72x96,614,50.884867199407054
87,sel,b72x120,614,50.75974167352836
87,sel,b96x120,614,50.87983679851747
87,sco,s24,376,38.641962768544936
87,sco,s48,376,38.47687754455523
87,sco,s72,376,36.7945302822678
87,sco,s96,376,36.276593985271354
87,sco,s120,376,36.94915556350062
87,sco,b24x48,376,38.42914172338182
87,sco,b24x72,376,37.4840239822134
87,sco,b24x96,376,37.12083628971416
87,sco,b24x120,376,37.17410401492868
87,sco,b48x72,376,37.49585155107414
87,sco,b48x96,376,37.0646823785814
87,sco,b48x120,376,37.18910427070033
87,sco,b72x96,376,36.25089882045644
87,sco,b72x120,376,36.54802705756902
87,sco,b96x120,376,36.1831745685876
90,sel,s24,611,51.18136675310383
90,sel,s48,611,48.76608691347148
90,sel,s72,611,49.53263828030268
90,sel,s96,611,51.11114489667074
90,sel,s120,611,51.86664613857556
90,sel,b24x48,611,49.47116816514291
90,sel,b24x72,611,49.95967962318909
90,sel,b24x96,611,50.6142592560595
90,sel,b24x120,611,50.602169429803176
90,sel,b48x72,611,48.704630200378936
90,sel,b48x96,611,49.16566055007103
90,sel,b48x120,611,49.08937429521177
90,sel,b72x96,611,49.98068556682311
90,sel,b72x120,611,49.94388981177067
90,sel,b96x120,611,51.005012821425225
90,sco,s24,376,39.49463322191943
90,sco,s48,376,39.599768089488705
90,sco,s72,376,37.160888378269284
90,sco,s96,376,37.06038287749607
90,sco,s120,376,38.08413809215788
90,sco,b24x48,376,39.383099013064964
90,sco,b24x72,376,38.034482701786
90,sco,b24x96,376,37.9247991517549
90,sco,b24x120,376,38.14660510962896
90,sco,b48x72,376,38.20536325528353
90,sco,b48x96,376,38.024859495920964
90,sco,b48x120,376,38.32789541889434
90,sco,b72x96,376,36.85455969321782
90,sco,b72x120,376,37.30399174997525
90,sco,b96x120,376,37.13096623951266
93,sel,s24,608,52.30789729463798
93,sel,s48,608,50.6130171285376
93,sel,s72,608,49.49970455016672
93,sel,s96,608,51.341204449466794
93,sel,s120,608,51.433923276728486
93,sel,b24x48,608,50.9335491542158
93,sel,b24x72,608,50.45840398857281
93,sel,b24x96,608,51.31276992432498
93,sel,b24x120,608,51.128932343468634
93,sel,b48x72,608,49.59302328215103
93,sel,b48x96,608,50.15985621847149
93,sel,b48x120,608,49.76407483104232
93,sel,b72x96,608,50.00228423265238
93,sel,b72x120,608,49.623595614455475
93,sel,b96x120,608,50.87430117102537
93,sco,s24,376,38.21213150656917
93,sco,s48,376,38.56219644457748
93,sco,s72,376,36.368834508412306
93,sco,s96,376,36.78789555467887
93,sco,s120,376,37.42238402994779
93,sco,b24x48,376,38.234377992098956
93,sco,b24x72,376,37.00210373012153
93,sco,b24x96,376,37.11831663607463
93,sco,b24x120,376,37.169909312745574
93,sco,b48x72,376,37.30093468730571
93,sco,b48x96,376,37.30171705758663
93,sco,b48x120,376,37.464270682742004
93,sco,b72x96,376,36.25375603157934
93,sco,b72x120,376,36.52213603005963
93,sco,b96x120,376,36.65360166769704
96,sel,s24,608,53.15142363648289
96,sel,s48,608,51.5988936111188
96,sel,s72,608,50.21439279160679
96,sel,s96,608,51.387867303297135
96,sel,s120,608,50.040866669925535
96,sel,b24x48,608,51.94390809019389
96,sel,b24x72,608,51.129199296446686
96,sel,b24x96,608,51.744294590385074
96,sel,b24x120,608,50.897230960351976
96,sel,b48x72,608,50.5076783661912
96,sel,b48x96,608,50.78642575578771
96,sel,b48x120,608,49.78405348895233
96,sel,b72x96,608,50.27329982037268
96,sel,b72x120,608,49.29970927553741
96,sel,b96x120,608,50.234581569809365
96,sco,s24,376,38.5989479895031
96,sco,s48,376,38.901006547467624
96,sco,s72,376,37.78518658171363
96,sco,s96,376,37.35209213544776
96,sco,s120,376,37.97742522710045
96,sco,b24x48,376,38.62188163153941
96,sco,b24x72,376,37.941207059379806
96,sco,b24x96,376,37.591560758023206
96,sco,b24x120,376,37.70474397377784
96,sco,b48x72,376,38.21249261116462
96,sco,b48x96,376,37.753242388582066
96,sco,b48x120,376,37.93559466386728
96,sco,b72x96,376,37.16710408998648
96,sco,b72x120,376,37.4662408520072
96,sco,b96x120,376,37.27600231969671
99,sel,s24,608,53.96957218759698
99,sel,s48,608,52.65786588386669
99,sel,s72,608,50.76203200239455
99,sel,s96,608,51.89109743932
99,sel,s120,608,49.12796692971503
99,sel,b24x48,608,52.96739250617663
99,sel,b24x72,608,51.80032953209923
99,sel,b24x96,608,52.25062284584654
99,sel,b24x120,608,50.70461832653464
99,sel,b48x72,608,51.25768951840239
99,sel,b48x96,608,51.47703909214922
99,sel,b48x120,608,49.81531699554923
99,sel,b72x96,608,50.86032195157978
99,sel,b72x120,608,49.20914884642398
99,sel,b96x120,608,50.08786920839025
99,sco,s24,376,39.75498142024412
99,sco,s48,376,40.689549677124866
99,sco,s72,376,40.48196309181728
99,sco,s96,376,37.64226244594391
99,sco,s120,376,39.437965477398656
99,sco,b24x48,376,40.07840854499521
99,sco,b24x72,376,39.89874721294923
99,sco,b24x96,376,38.315097749594216
99,sco,b24x120,376,39.076457098450554
99,sco,b48x72,376,40.458687911149966
99,sco,b48x96,376,38.83633438803321
99,sco,b48x120,376,39.63577881052004
99,sco,b72x96,376,38.66408840844108
99,sco,b72x120,376,39.55371983350397
99,sco,b96x120,376,38.16255700099414
102,sel,s24,608,54.15594880666505
102,sel,s48,608,54.624590653224686
102,sel,s72,608,52.621450212011595
102,sel,s96,608,53.42388516607474
102,sel,s120,608,51.2039285586484
102,sel,b24x48,608,54.066192390589
102,sel,b24x72,608,52.940079253900144
102,sel,b24x96,608,52.98734969110741
102,sel,b24x120,608,51.83397393154915
102,sel,b48x72,608,53.060682044841904
102,sel,b48x96,608,52.934973814827266
102,sel,b48x120,608,51.756631583226756
102,sel,b72x96,608,52.60664428915027
102,sel,b72x120,608,51.357321803999135
102,sel,b96x120,608,51.900530539432715
102,sco,s24,376,40.104797858836186
102,sco,s48,376,40.91432296165701
102,sco,s72,376,41.050155242386246
102,sco,s96,376,37.931681846481275
102,sco,s120,376,38.52655449830519
102,sco,b24x48,376,40.334527088818454
102,sco,b24x72,376,40.337560097557876
102,sco,b24x96,376,38.653959979504876
102,sco,b24x120,376,38.85975795121658
102,sco,b48x72,376,40.8307889923591
102,sco,b48x96,376,39.14080521094251
102,sco,b48x120,376,39.37155732866999
102,sco,b72x96,376,39.13094625270935
102,sco,b72x120,376,39.42456906957921
102,sco,b96x120,376,37.86698740680474
105,sel,s24,605,54.86647159207647
105,sel,s48,605,55.421810393667215
105,sel,s72,605,53.586326338417905
105,sel,s96,605,54.94665446609491
105,sel,s120,605,52.13496703735625
105,sel,b24x48,605,54.77633502615919
105,sel,b24x72,605,53.78666989319552
105,sel,b24x96,605,54.15782437438266
105,sel,b24x120,605,52.68390802548953
105,sel,b48x72,605,53.77411769455545
105,sel,b48x96,605,54.00499000145671
105,sel,b48x120,605,52.52792476086979
105,sel,b72x96,605,53.82066867248801
105,sel,b72x120,605,52.35643599615099
105,sel,b96x120,605,53.13758582418301
105,sco,s24,376,39.66319204518089
105,sco,s48,376,39.92208027919567
105,sco,s72,376,40.88739184138223
105,sco,s96,376,36.907093413684436
105,sco,s120,376,37.1188763882938
105,sco,b24x48,376,39.62190255221744
105,sco,b24x72,376,40.015721342452096
105,sco,b24x96,376,37.91365305701446
105,sco,b24x120,376,37.87633374043409
105,sco,b48x72,376,40.25739724811231
105,sco,b48x96,376,38.149105749028635
105,sco,b48x120,376,38.12070567824685
105,sco,b72x96,376,38.55596370294184
105,sco,b72x120,376,38.651417117721046
105,sco,b96x120,376,36.65038362771648
108,sel,s24,602,55.08617562289491
108,sel,s48,602,54.62833500246186
108,sel,s72,602,52.61957653230456
108,sel,s96,602,55.13222895608406
108,sel,s120,602,51.42055442080875
108,sel,b24x48,602,54.52190308447662
108,sel,b24x72,602,53.467232172617855
108,sel,b24x96,602,54.44031549617081
108,sel,b24x120,602,52.395829724854266
108,sel,b48x72,602,52.89278505902238
108,sel,b48x96,602,53.71843024511344
108,sel,b48x120,602,51.68324023187553
108,sel,b72x96,602,53.384134107244066
108,sel,b72x120,602,51.411872848357426
108,sel,b96x120,602,52.87552763185701
108,sco,s24,376,40.70796607319186
108,sco,s48,376,40.689282985772365
108,sco,s72,376,42.455316783204275
108,sco,s96,376,37.25003258681147
108,sco,s120,376,38.45899728658088
108,sco,b24x48,376,40.55400115306334
108,sco,b24x72,376,41.34621761463618
108,sco,b24x96,376,38.614205207315976
108,sco,b24x120,376,38.969658139340375
108,sco,b48x72,376,41.44681893259708
108,sco,b48x96,376,38.69106308482673
108,sco,b48x120,376,39.09529990262257
108,sco,b72x96,376,39.52110870941902
108,sco,b72x120,376,40.04199021413418
108,sco,b96x120,376,37.43404849361944
111,sel,s24,599,55.64445633236854
111,sel,s48,599,54.693233405220134
111,sel,s72,599,54.02135778390185
111,sel,s96,599,56.59550469396622
111,sel,s120,599,53.596640800181106
111,sel,b24x48,599,54.8715916771954
111,sel,b24x72,599,54.47035818215274
111,sel,b24x96,599,55.45507598601003
111,sel,b24x120,599,53.83760676650172
111,sel,b48x72,599,53.75851105887404
111,sel,b48x96,599,54.54138900789608
111,sel,b48x120,599,53.02396344645587
111,sel,b72x96,599,54.66285568214033
111,sel,b72x120,599,53.18745798635973
111,sel,b96x120,599,54.69092715348458
111,sco,s24,376,39.34166734722591
111,sco,s48,376,39.99228440668425
111,sco,s72,376,41.87015417672932
111,sco,s96,376,37.07128126824409
111,sco,s120,376,38.683232704549255
111,sco,b24x48,376,39.54330494310029
111,sco,b24x72,376,40.368058893094336
111,sco,b24x96,376,37.83660939387312
111,sco,b24x120,376,38.39825619360454
111,sco,b48x72,376,40.78899070100091
111,sco,b48x96,376,38.17514509004401
111,sco,b48x120,376,38.791467818034945
111,sco,b72x96,376,39.120840166899534
111,sco,b72x120,376,39.83531349555575
111,sco,b96x120,376,37.48759931126396
114,sel,s24,596,54.725706185418076
114,sel,s48,596,53.13872208426035
114,sel,s72,596,52.406928160642
114,sel,s96,596,58.404177928760724
114,sel,s120,596,54.69472527858535
114,sel,b24x48,596,53.57560524330806
114,sel,b24x72,596,53.21808724388233
114,sel,b24x96,596,55.885311558004155
114,sel,b24x120,596,53.97347232639305
114,sel,b48x72,596,52.14153373174778
114,sel,b48x96,596,54.63230822208642
114,sel,b48x120,596,52.89958940691518
114,sel,b72x96,596,54.71606317633903
114,sel,b72x120,596,52.9319228384775
114,sel,b96x120,596,56.1195179962778
114,sco,s24,376,37.73771980192454
114,sco,s48,376,38.41671473889206
114,sco,s72,376,40.5350323329335
114,sco,s96,376,36.0582458234841
114,sco,s120,376,38.462827180211534
114,sco,b24x48,376,37.96436511140441
114,sco,b24x72,376,38.9176751208982
114,sco,b24x96,376,36.48187739379338
114,sco,b24x120,376,37.49184206996365
114,sco,b48x72,376,39.2828805341847
114,sco,b48x96,376,36.786670638279425
114,sco,b48x120,376,37.81108783084114
114,sco,b72x96,376,37.94812397316118
114,sco,b72x120,376,39.08369274417625
114,sco,b96x120,376,36.869811012326444
117,sel,s24,593,54.993559829567616
117,sel,s48,593,52.15604253961578
117,sel,s72,593,52.80879946177545
117,sel,s96,593,59.596197627265155
117,sel,s120,593,55.95376449660164
117,sel,b24x48,593,53.109054902412694
117,sel,b24x72,593,53.54862819601104
117,sel,b24x96,593,56.65933103427253
117,sel,b24x120,593,54.668582158380275
117,sel,b48x72,593,51.88016077079809
117,sel,b48x96,593,54.760786696638334
117,sel,b48x120,593,52.972241256119624
117,sel,b72x96,593,55.61124967329902
117,sel,b72x120,593,53.716964776980745
117,sel,b96x120,593,57.293188554364335
117,sco,s24,376,39.3020406546875
117,sco,s48,376,40.466703756254674
117,sco,s72,376,40.36805217500334
117,sco,s96,376,36.84153876625358
117,sco,s120,376,39.433929583724016
117,sco,b24x48,376,39.73515331162325
117,sco,b24x72,376,39.65955637284474
117,sco,b24x96,376,37.71776964328976
117,sco,b24x120,376,38.811065043895134
117,sco,b48x72,376,40.17651984074071
117,sco,b48x96,376,38.204393248986946
117,sco,b48x120,376,39.28583514624279
117,sco,b72x96,376,38.30593668208727
117,sco,b72x120,376,39.50291660821392
117,sco,b96x120,376,37.73819880028817
